original_filename,dropbox_path,new_slug,category,brand,status,file_400w,file_800w,file_1600w
apple remote.png,/1 - Astro DAVG.ai/3 - Website Images/apple remote.png,davg-uncategorized-001,Product / Brand Asset,Control4,visually_reviewed,davg-uncategorized-001-400w.webp,davg-uncategorized-001-800w.webp,davg-uncategorized-001-1600w.webp
"Photo Mar 20 2026, 8 21 02 AM (13).jpg","/1 - Astro DAVG.ai/3 - Website Images/Photo Mar 20 2026, 8 21 02 AM (13).jpg",davg-uncategorized-002,Living Room,,visually_reviewed,davg-uncategorized-002-400w.webp,davg-uncategorized-002-800w.webp,davg-uncategorized-002-1600w.webp
IMG_2052.JPG,/1 - Astro DAVG.ai/3 - Website Images/IMG_2052.JPG,davg-uncategorized-003,Equipment Room,,visually_reviewed,davg-uncategorized-003-400w.webp,davg-uncategorized-003-800w.webp,davg-uncategorized-003-1600w.webp
"Photo May 31 2026, 5 31 34 AM.jpeg","/1 - Astro DAVG.ai/3 - Website Images/Photo May 31 2026, 5 31 34 AM.jpeg",davg-uncategorized-004,Product / Brand Asset,,visually_reviewed,davg-uncategorized-004-400w.webp,davg-uncategorized-004-800w.webp,davg-uncategorized-004-1600w.webp
Lux-Lighting-Lifestyle-Avalon-Beach_7.jpg,/1 - Astro DAVG.ai/3 - Website Images/Lux-Lighting-Lifestyle-Avalon-Beach_7.jpg,davg-avalon-001,Product / Brand Asset,Avalon,keep_auto,davg-avalon-001-400w.webp,davg-avalon-001-800w.webp,davg-avalon-001-1600w.webp
C4-HALO-TS-AS_6_DemiRightDock_Z.jpg,/1 - Astro DAVG.ai/3 - Website Images/C4-HALO-TS-AS_6_DemiRightDock_Z.jpg,davg-control4-001,Product / Brand Asset,Control4,keep_auto,davg-control4-001-400w.webp,davg-control4-001-800w.webp,davg-control4-001-1600w.webp
"Photo May 31 2026, 5 28 57 AM (4).jpg","/1 - Astro DAVG.ai/3 - Website Images/Photo May 31 2026, 5 28 57 AM (4).jpg",davg-uncategorized-005,Product / Brand Asset,Control4,visually_reviewed,davg-uncategorized-005-400w.webp,davg-uncategorized-005-800w.webp,davg-uncategorized-005-1600w.webp
"Photo May 31 2026, 8 51 03 AM (19).jpg","/1 - Astro DAVG.ai/3 - Website Images/Photo May 31 2026, 8 51 03 AM (19).jpg",davg-uncategorized-006,Living Room,,visually_reviewed,davg-uncategorized-006-400w.webp,davg-uncategorized-006-800w.webp,davg-uncategorized-006-1600w.webp
IMG_3137.jpeg,/1 - Astro DAVG.ai/3 - Website Images/IMG_3137.jpeg,davg-uncategorized-007,Equipment Room,,visually_reviewed,davg-uncategorized-007-400w.webp,davg-uncategorized-007-800w.webp,davg-uncategorized-007-1600w.webp
"Photo May 17 2026, 1 03 01 AM.png","/1 - Astro DAVG.ai/3 - Website Images/Photo May 17 2026, 1 03 01 AM.png",davg-uncategorized-008,REJECT - not DAVG asset (competitor IG screenshot),,visually_reviewed,davg-uncategorized-008-400w.webp,davg-uncategorized-008-800w.webp,davg-uncategorized-008-1600w.webp
Avalon Beach-Lifestyle_6.jpg,/1 - Astro DAVG.ai/3 - Website Images/Avalon Beach-Lifestyle_6.jpg,davg-avalon-002,Product / Brand Asset,Avalon,keep_auto,davg-avalon-002-400w.webp,davg-avalon-002-800w.webp,davg-avalon-002-1600w.webp
IMG_0786.HEIC,/1 - Astro DAVG.ai/3 - Website Images/IMG_0786.HEIC,davg-uncategorized-009,Home Theater,,visually_reviewed,davg-uncategorized-009-400w.webp,davg-uncategorized-009-800w.webp,davg-uncategorized-009-1600w.webp
Vibrant_AZ-43.jpg,/1 - Astro DAVG.ai/3 - Website Images/Vibrant_AZ-43.jpg,davg-uncategorized-010,Product / Brand Asset,,visually_reviewed,davg-uncategorized-010-400w.webp,davg-uncategorized-010-800w.webp,davg-uncategorized-010-1600w.webp
"Photo Mar 20 2026, 8 21 02 AM.jpg","/1 - Astro DAVG.ai/3 - Website Images/Photo Mar 20 2026, 8 21 02 AM.jpg",davg-uncategorized-011,Product / Brand Asset,Lutron,visually_reviewed,davg-uncategorized-011-400w.webp,davg-uncategorized-011-800w.webp,davg-uncategorized-011-1600w.webp
"Photo Jun 07 2026, 9 59 15 PM (4).jpg","/1 - Astro DAVG.ai/3 - Website Images/Photo Jun 07 2026, 9 59 15 PM (4).jpg",davg-uncategorized-012,Living Room,Lutron,visually_reviewed,davg-uncategorized-012-400w.webp,davg-uncategorized-012-800w.webp,davg-uncategorized-012-1600w.webp
"Photo May 31 2026, 5 28 56 AM (1).jpg","/1 - Astro DAVG.ai/3 - Website Images/Photo May 31 2026, 5 28 56 AM (1).jpg",davg-uncategorized-013,Bedroom,,visually_reviewed,davg-uncategorized-013-400w.webp,davg-uncategorized-013-800w.webp,davg-uncategorized-013-1600w.webp
"Photo May 31 2026, 8 51 03 AM.jpg","/1 - Astro DAVG.ai/3 - Website Images/Photo May 31 2026, 8 51 03 AM.jpg",davg-uncategorized-014,Exterior,,visually_reviewed,davg-uncategorized-014-400w.webp,davg-uncategorized-014-800w.webp,davg-uncategorized-014-1600w.webp
"Photo May 17 2026, 1 05 53 AM.jpg","/1 - Astro DAVG.ai/3 - Website Images/Photo May 17 2026, 1 05 53 AM.jpg",davg-uncategorized-015,Equipment Room,,visually_reviewed,davg-uncategorized-015-400w.webp,davg-uncategorized-015-800w.webp,davg-uncategorized-015-1600w.webp
"Photo Jun 07 2026, 9 59 15 PM (4).png","/1 - Astro DAVG.ai/3 - Website Images/Photo Jun 07 2026, 9 59 15 PM (4).png",davg-uncategorized-016,Outdoor Living,,visually_reviewed,davg-uncategorized-016-400w.webp,davg-uncategorized-016-800w.webp,davg-uncategorized-016-1600w.webp
DFRM-TAB- -UAW-1Z.jpg,/1 - Astro DAVG.ai/3 - Website Images/DFRM-TAB- -UAW-1Z.jpg,davg-uncategorized-017,Product / Brand Asset,,visually_reviewed,davg-uncategorized-017-400w.webp,davg-uncategorized-017-800w.webp,davg-uncategorized-017-1600w.webp
SB-ES-AN-2.jpg,/1 - Astro DAVG.ai/3 - Website Images/SB-ES-AN-2.jpg,davg-uncategorized-018,Outdoor Living,,visually_reviewed,davg-uncategorized-018-400w.webp,davg-uncategorized-018-800w.webp,davg-uncategorized-018-1600w.webp
"Photo May 31 2026, 8 51 03 AM.png","/1 - Astro DAVG.ai/3 - Website Images/Photo May 31 2026, 8 51 03 AM.png",davg-uncategorized-019,Home Theater,,visually_reviewed,davg-uncategorized-019-400w.webp,davg-uncategorized-019-800w.webp,davg-uncategorized-019-1600w.webp
"Photo May 17 2026, 1 01 05 AM.jpg","/1 - Astro DAVG.ai/3 - Website Images/Photo May 17 2026, 1 01 05 AM.jpg",davg-uncategorized-020,Equipment Room,,visually_reviewed,davg-uncategorized-020-400w.webp,davg-uncategorized-020-800w.webp,davg-uncategorized-020-1600w.webp
MediaInnovations-20.jpg,/1 - Astro DAVG.ai/3 - Website Images/MediaInnovations-20.jpg,davg-uncategorized-021,Outdoor Living,,visually_reviewed,davg-uncategorized-021-400w.webp,davg-uncategorized-021-800w.webp,davg-uncategorized-021-1600w.webp
RRD-H6BRL-MN.jpg,/1 - Astro DAVG.ai/3 - Website Images/RRD-H6BRL-MN.jpg,davg-uncategorized-022,Product / Brand Asset,Lutron,visually_reviewed,davg-uncategorized-022-400w.webp,davg-uncategorized-022-800w.webp,davg-uncategorized-022-1600w.webp
IMG_2039.JPG,/1 - Astro DAVG.ai/3 - Website Images/IMG_2039.JPG,davg-uncategorized-023,Living Room,,visually_reviewed,davg-uncategorized-023-400w.webp,davg-uncategorized-023-800w.webp,davg-uncategorized-023-1600w.webp
IMG_2038.JPG,/1 - Astro DAVG.ai/3 - Website Images/IMG_2038.JPG,davg-uncategorized-024,Living Room,,visually_reviewed,davg-uncategorized-024-400w.webp,davg-uncategorized-024-800w.webp,davg-uncategorized-024-1600w.webp
FullSizeRender (2).HEIC,/1 - Astro DAVG.ai/3 - Website Images/FullSizeRender (2).HEIC,davg-uncategorized-025,Home Theater,,visually_reviewed,davg-uncategorized-025-400w.webp,davg-uncategorized-025-800w.webp,davg-uncategorized-025-1600w.webp
"Photo May 31 2026, 8 51 03 AM (23).jpg","/1 - Astro DAVG.ai/3 - Website Images/Photo May 31 2026, 8 51 03 AM (23).jpg",davg-uncategorized-026,Bedroom,,visually_reviewed,davg-uncategorized-026-400w.webp,davg-uncategorized-026-800w.webp,davg-uncategorized-026-1600w.webp
IMG_2029.JPG,/1 - Astro DAVG.ai/3 - Website Images/IMG_2029.JPG,davg-uncategorized-027,Living Room,,visually_reviewed,davg-uncategorized-027-400w.webp,davg-uncategorized-027-800w.webp,davg-uncategorized-027-1600w.webp
"Photo May 31 2026, 8 51 03 AM (16).jpeg","/1 - Astro DAVG.ai/3 - Website Images/Photo May 31 2026, 8 51 03 AM (16).jpeg",davg-uncategorized-028,Equipment Room,Control4,visually_reviewed,davg-uncategorized-028-400w.webp,davg-uncategorized-028-800w.webp,davg-uncategorized-028-1600w.webp
"Photo Jun 07 2026, 9 59 15 PM (11).jpg","/1 - Astro DAVG.ai/3 - Website Images/Photo Jun 07 2026, 9 59 15 PM (11).jpg",davg-uncategorized-029,Outdoor Living,,visually_reviewed,davg-uncategorized-029-400w.webp,davg-uncategorized-029-800w.webp,davg-uncategorized-029-1600w.webp
Waxhaw_T5_KitchenLux.jpg,/1 - Astro DAVG.ai/3 - Website Images/Waxhaw_T5_KitchenLux.jpg,davg-kitchen-001,Kitchen,,keep_auto,davg-kitchen-001-400w.webp,davg-kitchen-001-800w.webp,davg-kitchen-001-1600w.webp
Pool_Prv Res_Orlando F_Dusk_Angle.jpg,/1 - Astro DAVG.ai/3 - Website Images/Pool_Prv Res_Orlando F_Dusk_Angle.jpg,davg-uncategorized-030,Outdoor Living,,visually_reviewed,davg-uncategorized-030-400w.webp,davg-uncategorized-030-800w.webp,davg-uncategorized-030-1600w.webp
ANU-A370-US02_Office.jpg,/1 - Astro DAVG.ai/3 - Website Images/ANU-A370-US02_Office.jpg,davg-uncategorized-031,Product / Brand Asset,,visually_reviewed,davg-uncategorized-031-400w.webp,davg-uncategorized-031-800w.webp,davg-uncategorized-031-1600w.webp
"Photo May 31 2026, 5 31 34 AM (1).jpeg","/1 - Astro DAVG.ai/3 - Website Images/Photo May 31 2026, 5 31 34 AM (1).jpeg",davg-uncategorized-032,Product / Brand Asset,Control4,visually_reviewed,davg-uncategorized-032-400w.webp,davg-uncategorized-032-800w.webp,davg-uncategorized-032-1600w.webp
WB-820-12-Demi.jpg,/1 - Astro DAVG.ai/3 - Website Images/WB-820-12-Demi.jpg,davg-wattbox-001,Product / Brand Asset,WattBox,keep_auto,davg-wattbox-001-400w.webp,davg-wattbox-001-800w.webp,davg-wattbox-001-1600w.webp
"Photo May 31 2026, 5 28 57 AM.jpeg","/1 - Astro DAVG.ai/3 - Website Images/Photo May 31 2026, 5 28 57 AM.jpeg",davg-uncategorized-033,Living Room,,visually_reviewed,davg-uncategorized-033-400w.webp,davg-uncategorized-033-800w.webp,davg-uncategorized-033-1600w.webp
IMG_2060.PNG,/1 - Astro DAVG.ai/3 - Website Images/IMG_2060.PNG,davg-uncategorized-034,Equipment Room,,visually_reviewed,davg-uncategorized-034-400w.webp,davg-uncategorized-034-800w.webp,davg-uncategorized-034-1600w.webp
"Photo May 17 2026, 1 02 02 AM.jpg","/1 - Astro DAVG.ai/3 - Website Images/Photo May 17 2026, 1 02 02 AM.jpg",davg-uncategorized-035,Equipment Room,,visually_reviewed,davg-uncategorized-035-400w.webp,davg-uncategorized-035-800w.webp,davg-uncategorized-035-1600w.webp
Kit_Prv Res_Orlando CH_Dim.jpg,/1 - Astro DAVG.ai/3 - Website Images/Kit_Prv Res_Orlando CH_Dim.jpg,davg-uncategorized-036,Kitchen,,visually_reviewed,davg-uncategorized-036-400w.webp,davg-uncategorized-036-800w.webp,davg-uncategorized-036-1600w.webp
"Photo May 31 2026, 8 51 03 AM (1).jpeg","/1 - Astro DAVG.ai/3 - Website Images/Photo May 31 2026, 8 51 03 AM (1).jpeg",davg-uncategorized-037,Product / Brand Asset,,visually_reviewed,davg-uncategorized-037-400w.webp,davg-uncategorized-037-800w.webp,davg-uncategorized-037-1600w.webp
Avalon Beach-Lifestyle_7.jpg,/1 - Astro DAVG.ai/3 - Website Images/Avalon Beach-Lifestyle_7.jpg,davg-avalon-003,Product / Brand Asset,Avalon,keep_auto,davg-avalon-003-400w.webp,davg-avalon-003-800w.webp,davg-avalon-003-1600w.webp
Splash Bezel 01 (1).jpg,/1 - Astro DAVG.ai/3 - Website Images/Splash Bezel 01 (1).jpg,davg-uncategorized-038,Product / Brand Asset,,visually_reviewed,davg-uncategorized-038-400w.webp,davg-uncategorized-038-800w.webp,davg-uncategorized-038-1600w.webp
DinRm_Atelier_Sivoia QS_Hachure_WhiteSH_ang.png,/1 - Astro DAVG.ai/3 - Website Images/DinRm_Atelier_Sivoia QS_Hachure_WhiteSH_ang.png,davg-uncategorized-039,Dining Room,Lutron,visually_reviewed,davg-uncategorized-039-400w.webp,davg-uncategorized-039-800w.webp,davg-uncategorized-039-1600w.webp
IMG_3087.JPG,/1 - Astro DAVG.ai/3 - Website Images/IMG_3087.JPG,davg-uncategorized-040,Bathroom,,visually_reviewed,davg-uncategorized-040-400w.webp,davg-uncategorized-040-800w.webp,davg-uncategorized-040-1600w.webp
DinRm_Atelier_Palladiom_Matrice_DawnSH_det4 keypad and tstat ang.png,/1 - Astro DAVG.ai/3 - Website Images/DinRm_Atelier_Palladiom_Matrice_DawnSH_det4 keypad and tstat ang.png,davg-uncategorized-041,Dining Room,Lutron,visually_reviewed,davg-uncategorized-041-400w.webp,davg-uncategorized-041-800w.webp,davg-uncategorized-041-1600w.webp
IMG_1103.HEIC,/1 - Astro DAVG.ai/3 - Website Images/IMG_1103.HEIC,davg-uncategorized-042,Home Theater,,visually_reviewed,davg-uncategorized-042-400w.webp,davg-uncategorized-042-800w.webp,davg-uncategorized-042-1600w.webp
"Photo May 31 2026, 5 28 56 AM (15).jpg","/1 - Astro DAVG.ai/3 - Website Images/Photo May 31 2026, 5 28 56 AM (15).jpg",davg-uncategorized-043,Product / Brand Asset,,visually_reviewed,davg-uncategorized-043-400w.webp,davg-uncategorized-043-800w.webp,davg-uncategorized-043-1600w.webp
IMG_2036.JPG,/1 - Astro DAVG.ai/3 - Website Images/IMG_2036.JPG,davg-uncategorized-044,Living Room,,visually_reviewed,davg-uncategorized-044-400w.webp,davg-uncategorized-044-800w.webp,davg-uncategorized-044-1600w.webp
SnapAVSunbriteTVHighRes-2.jpg,/1 - Astro DAVG.ai/3 - Website Images/SnapAVSunbriteTVHighRes-2.jpg,davg-snapav-001,Product / Brand Asset,SnapAV,keep_auto,davg-snapav-001-400w.webp,davg-snapav-001-800w.webp,davg-snapav-001-1600w.webp
Sunbrite_Mount_N.jpg,/1 - Astro DAVG.ai/3 - Website Images/Sunbrite_Mount_N.jpg,davg-uncategorized-045,Outdoor Living,SnapAV,visually_reviewed,davg-uncategorized-045-400w.webp,davg-uncategorized-045-800w.webp,davg-uncategorized-045-1600w.webp
IMG_1154.HEIC,/1 - Astro DAVG.ai/3 - Website Images/IMG_1154.HEIC,davg-uncategorized-046,Living Room,,visually_reviewed,davg-uncategorized-046-400w.webp,davg-uncategorized-046-800w.webp,davg-uncategorized-046-1600w.webp
"Photo May 31 2026, 5 28 57 AM (8).jpg","/1 - Astro DAVG.ai/3 - Website Images/Photo May 31 2026, 5 28 57 AM (8).jpg",davg-uncategorized-047,Bedroom,,visually_reviewed,davg-uncategorized-047-400w.webp,davg-uncategorized-047-800w.webp,davg-uncategorized-047-1600w.webp
IMG_1123.HEIC,/1 - Astro DAVG.ai/3 - Website Images/IMG_1123.HEIC,davg-uncategorized-048,Home Theater,,visually_reviewed,davg-uncategorized-048-400w.webp,davg-uncategorized-048-800w.webp,davg-uncategorized-048-1600w.webp
IMG_9840.HEIC,/1 - Astro DAVG.ai/3 - Website Images/IMG_9840.HEIC,davg-uncategorized-049,Product / Brand Asset,,visually_reviewed,davg-uncategorized-049-400w.webp,davg-uncategorized-049-800w.webp,davg-uncategorized-049-1600w.webp
Wirepath-One-Can-1-Install.jpg,/1 - Astro DAVG.ai/3 - Website Images/Wirepath-One-Can-1-Install.jpg,davg-uncategorized-050,Product / Brand Asset,SnapAV,visually_reviewed,davg-uncategorized-050-400w.webp,davg-uncategorized-050-800w.webp,davg-uncategorized-050-1600w.webp
IMG_0677.HEIC,/1 - Astro DAVG.ai/3 - Website Images/IMG_0677.HEIC,davg-uncategorized-051,Game Room,,visually_reviewed,davg-uncategorized-051-400w.webp,davg-uncategorized-051-800w.webp,davg-uncategorized-051-1600w.webp
FullSizeRender.HEIC,/1 - Astro DAVG.ai/3 - Website Images/FullSizeRender.HEIC,davg-uncategorized-052,Home Theater,,visually_reviewed,davg-uncategorized-052-400w.webp,davg-uncategorized-052-800w.webp,davg-uncategorized-052-1600w.webp
IMG_2048.JPG,/1 - Astro DAVG.ai/3 - Website Images/IMG_2048.JPG,davg-uncategorized-053,Kitchen,Control4,visually_reviewed,davg-uncategorized-053-400w.webp,davg-uncategorized-053-800w.webp,davg-uncategorized-053-1600w.webp
application_hero_image_rf-sat-as_1.jpg,/1 - Astro DAVG.ai/3 - Website Images/application_hero_image_rf-sat-as_1.jpg,davg-uncategorized-054,Dining Room,,visually_reviewed,davg-uncategorized-054-400w.webp,davg-uncategorized-054-800w.webp,davg-uncategorized-054-1600w.webp
"Photo May 31 2026, 8 51 03 AM (3).jpeg","/1 - Astro DAVG.ai/3 - Website Images/Photo May 31 2026, 8 51 03 AM (3).jpeg",davg-uncategorized-055,Product / Brand Asset,,visually_reviewed,davg-uncategorized-055-400w.webp,davg-uncategorized-055-800w.webp,davg-uncategorized-055-1600w.webp
"Photo May 31 2026, 8 51 03 AM (29).jpeg","/1 - Astro DAVG.ai/3 - Website Images/Photo May 31 2026, 8 51 03 AM (29).jpeg",davg-uncategorized-056,Product / Brand Asset,,visually_reviewed,davg-uncategorized-056-400w.webp,davg-uncategorized-056-800w.webp,davg-uncategorized-056-1600w.webp
"Photo Mar 20 2026, 8 21 02 AM (4).jpg","/1 - Astro DAVG.ai/3 - Website Images/Photo Mar 20 2026, 8 21 02 AM (4).jpg",davg-uncategorized-057,Home Theater,,visually_reviewed,davg-uncategorized-057-400w.webp,davg-uncategorized-057-800w.webp,davg-uncategorized-057-1600w.webp
SB-Signature-TV 2.jpg,/1 - Astro DAVG.ai/3 - Website Images/SB-Signature-TV 2.jpg,davg-uncategorized-058,Outdoor Living,SunBrite,visually_reviewed,davg-uncategorized-058-400w.webp,davg-uncategorized-058-800w.webp,davg-uncategorized-058-1600w.webp
"Photo May 31 2026, 5 31 34 AM (3) (1).jpeg","/1 - Astro DAVG.ai/3 - Website Images/Photo May 31 2026, 5 31 34 AM (3) (1).jpeg",davg-uncategorized-059,Product / Brand Asset,Control4,visually_reviewed,davg-uncategorized-059-400w.webp,davg-uncategorized-059-800w.webp,davg-uncategorized-059-1600w.webp
C4-VBTX1.jpg,/1 - Astro DAVG.ai/3 - Website Images/C4-VBTX1.jpg,davg-control4-002,Product / Brand Asset,Control4,keep_auto,davg-control4-002-400w.webp,davg-control4-002-800w.webp,davg-control4-002-1600w.webp
"Photo May 31 2026, 5 28 56 AM (1).jpeg","/1 - Astro DAVG.ai/3 - Website Images/Photo May 31 2026, 5 28 56 AM (1).jpeg",davg-uncategorized-060,Product / Brand Asset,,visually_reviewed,davg-uncategorized-060-400w.webp,davg-uncategorized-060-800w.webp,davg-uncategorized-060-1600w.webp
"Photo May 31 2026, 8 51 03 AM (15).jpg","/1 - Astro DAVG.ai/3 - Website Images/Photo May 31 2026, 8 51 03 AM (15).jpg",davg-uncategorized-061,Living Room,,visually_reviewed,davg-uncategorized-061-400w.webp,davg-uncategorized-061-800w.webp,davg-uncategorized-061-1600w.webp
Lux-Lighting-Lifestyle-Avalon-Beach_21.jpg,/1 - Astro DAVG.ai/3 - Website Images/Lux-Lighting-Lifestyle-Avalon-Beach_21.jpg,davg-avalon-004,Product / Brand Asset,Avalon,keep_auto,davg-avalon-004-400w.webp,davg-avalon-004-800w.webp,davg-avalon-004-1600w.webp
brown luxury bar.jpg,/1 - Astro DAVG.ai/3 - Website Images/brown luxury bar.jpg,davg-uncategorized-062,Game Room,,visually_reviewed,davg-uncategorized-062-400w.webp,davg-uncategorized-062-800w.webp,davg-uncategorized-062-1600w.webp
"Photo Jun 07 2026, 9 59 15 PM (8).jpg","/1 - Astro DAVG.ai/3 - Website Images/Photo Jun 07 2026, 9 59 15 PM (8).jpg",davg-uncategorized-063,Living Room,,visually_reviewed,davg-uncategorized-063-400w.webp,davg-uncategorized-063-800w.webp,davg-uncategorized-063-1600w.webp
"Photo Mar 20 2026, 8 21 02 AM (22).jpg","/1 - Astro DAVG.ai/3 - Website Images/Photo Mar 20 2026, 8 21 02 AM (22).jpg",davg-uncategorized-064,Dining Room,,visually_reviewed,davg-uncategorized-064-400w.webp,davg-uncategorized-064-800w.webp,davg-uncategorized-064-1600w.webp
LivRm_Atelier_Sivoia QS_Stria_SlateSH_closed ang.jpg,/1 - Astro DAVG.ai/3 - Website Images/LivRm_Atelier_Sivoia QS_Stria_SlateSH_closed ang.jpg,davg-living-room-001,Living Room,,keep_auto,davg-living-room-001-400w.webp,davg-living-room-001-800w.webp,davg-living-room-001-1600w.webp
"Photo May 31 2026, 8 51 03 AM (14).jpeg","/1 - Astro DAVG.ai/3 - Website Images/Photo May 31 2026, 8 51 03 AM (14).jpeg",davg-uncategorized-065,Product / Brand Asset,,visually_reviewed,davg-uncategorized-065-400w.webp,davg-uncategorized-065-800w.webp,davg-uncategorized-065-1600w.webp
Generated image 1 (2).png,/1 - Astro DAVG.ai/3 - Website Images/Generated image 1 (2).png,davg-uncategorized-066,Home Theater,,visually_reviewed,davg-uncategorized-066-400w.webp,davg-uncategorized-066-800w.webp,davg-uncategorized-066-1600w.webp
LivRm_Atelier_Sivoia QS_Stria_SlateSH_closed ang.png,/1 - Astro DAVG.ai/3 - Website Images/LivRm_Atelier_Sivoia QS_Stria_SlateSH_closed ang.png,davg-living-room-002,Living Room,,keep_auto,davg-living-room-002-400w.webp,davg-living-room-002-800w.webp,davg-living-room-002-1600w.webp
IMG_3228.jpeg,/1 - Astro DAVG.ai/3 - Website Images/IMG_3228.jpeg,davg-uncategorized-067,Home Theater,,visually_reviewed,davg-uncategorized-067-400w.webp,davg-uncategorized-067-800w.webp,davg-uncategorized-067-1600w.webp
MediaInnovations-22.jpg,/1 - Astro DAVG.ai/3 - Website Images/MediaInnovations-22.jpg,davg-uncategorized-068,Equipment Room,Control4,visually_reviewed,davg-uncategorized-068-400w.webp,davg-uncategorized-068-800w.webp,davg-uncategorized-068-1600w.webp
"Photo May 31 2026, 8 51 03 AM (18) (1).jpeg","/1 - Astro DAVG.ai/3 - Website Images/Photo May 31 2026, 8 51 03 AM (18) (1).jpeg",davg-uncategorized-069,Product / Brand Asset,Control4,visually_reviewed,davg-uncategorized-069-400w.webp,davg-uncategorized-069-800w.webp,davg-uncategorized-069-1600w.webp
"Photo May 31 2026, 8 51 03 AM (30).jpeg","/1 - Astro DAVG.ai/3 - Website Images/Photo May 31 2026, 8 51 03 AM (30).jpeg",davg-uncategorized-070,Outdoor Living,,visually_reviewed,davg-uncategorized-070-400w.webp,davg-uncategorized-070-800w.webp,davg-uncategorized-070-1600w.webp
IMG_2033.JPG,/1 - Astro DAVG.ai/3 - Website Images/IMG_2033.JPG,davg-uncategorized-071,Living Room,,visually_reviewed,davg-uncategorized-071-400w.webp,davg-uncategorized-071-800w.webp,davg-uncategorized-071-1600w.webp
"Photo May 17 2026, 12 59 44 AM.jpg","/1 - Astro DAVG.ai/3 - Website Images/Photo May 17 2026, 12 59 44 AM.jpg",davg-uncategorized-072,Equipment Room,,visually_reviewed,davg-uncategorized-072-400w.webp,davg-uncategorized-072-800w.webp,davg-uncategorized-072-1600w.webp
IMG_2055.JPG,/1 - Astro DAVG.ai/3 - Website Images/IMG_2055.JPG,davg-uncategorized-073,Equipment Room,,visually_reviewed,davg-uncategorized-073-400w.webp,davg-uncategorized-073-800w.webp,davg-uncategorized-073-1600w.webp
BedRm_Atelier_Palladiom_Stria_SilverBO_closed PM.png,/1 - Astro DAVG.ai/3 - Website Images/BedRm_Atelier_Palladiom_Stria_SilverBO_closed PM.png,davg-bedroom-001,Bedroom,,keep_auto,davg-bedroom-001-400w.webp,davg-bedroom-001-800w.webp,davg-bedroom-001-1600w.webp
Home-Install-NY-32.jpg,/1 - Astro DAVG.ai/3 - Website Images/Home-Install-NY-32.jpg,davg-uncategorized-074,Exterior,,visually_reviewed,davg-uncategorized-074-400w.webp,davg-uncategorized-074-800w.webp,davg-uncategorized-074-1600w.webp
"Photo May 31 2026, 5 28 56 AM (19).jpg","/1 - Astro DAVG.ai/3 - Website Images/Photo May 31 2026, 5 28 56 AM (19).jpg",davg-uncategorized-075,Living Room,,visually_reviewed,davg-uncategorized-075-400w.webp,davg-uncategorized-075-800w.webp,davg-uncategorized-075-1600w.webp
Nursery_Atelier_Triathlon_Stria_EgretBO_pre ang.jpg,/1 - Astro DAVG.ai/3 - Website Images/Nursery_Atelier_Triathlon_Stria_EgretBO_pre ang.jpg,davg-uncategorized-076,Bedroom,Lutron,visually_reviewed,davg-uncategorized-076-400w.webp,davg-uncategorized-076-800w.webp,davg-uncategorized-076-1600w.webp
"Photo May 31 2026, 8 51 03 AM (2).png","/1 - Astro DAVG.ai/3 - Website Images/Photo May 31 2026, 8 51 03 AM (2).png",davg-uncategorized-077,Product / Brand Asset,Sonance,visually_reviewed,davg-uncategorized-077-400w.webp,davg-uncategorized-077-800w.webp,davg-uncategorized-077-1600w.webp
"Photo May 17 2026, 1 17 51 AM.jpg","/1 - Astro DAVG.ai/3 - Website Images/Photo May 17 2026, 1 17 51 AM.jpg",davg-uncategorized-078,Product / Brand Asset,,visually_reviewed,davg-uncategorized-078-400w.webp,davg-uncategorized-078-800w.webp,davg-uncategorized-078-1600w.webp
IMG_3140.jpeg,/1 - Astro DAVG.ai/3 - Website Images/IMG_3140.jpeg,davg-uncategorized-079,Equipment Room,,visually_reviewed,davg-uncategorized-079-400w.webp,davg-uncategorized-079-800w.webp,davg-uncategorized-079-1600w.webp
C4Yourself-EmailBannersPersonal Touch.jpg,/1 - Astro DAVG.ai/3 - Website Images/C4Yourself-EmailBannersPersonal Touch.jpg,davg-uncategorized-080,Product / Brand Asset,Control4,visually_reviewed,davg-uncategorized-080-400w.webp,davg-uncategorized-080-800w.webp,davg-uncategorized-080-1600w.webp
C4-VBTX38.jpg,/1 - Astro DAVG.ai/3 - Website Images/C4-VBTX38.jpg,davg-control4-003,Product / Brand Asset,Control4,keep_auto,davg-control4-003-400w.webp,davg-control4-003-800w.webp,davg-control4-003-1600w.webp
"Photo May 31 2026, 8 51 03 AM (2).jpg","/1 - Astro DAVG.ai/3 - Website Images/Photo May 31 2026, 8 51 03 AM (2).jpg",davg-uncategorized-081,Home Theater,,visually_reviewed,davg-uncategorized-081-400w.webp,davg-uncategorized-081-800w.webp,davg-uncategorized-081-1600w.webp
EMEA_C4_Images_Video_7.jpeg,/1 - Astro DAVG.ai/3 - Website Images/EMEA_C4_Images_Video_7.jpeg,davg-uncategorized-082,Home Theater,Control4,visually_reviewed,davg-uncategorized-082-400w.webp,davg-uncategorized-082-800w.webp,davg-uncategorized-082-1600w.webp
"Photo May 17 2026, 1 07 15 AM.jpg","/1 - Astro DAVG.ai/3 - Website Images/Photo May 17 2026, 1 07 15 AM.jpg",davg-uncategorized-083,Equipment Room,,visually_reviewed,davg-uncategorized-083-400w.webp,davg-uncategorized-083-800w.webp,davg-uncategorized-083-1600w.webp
Nursery_Atelier_Triathlon_Stria_EgretBO_pre ang.png,/1 - Astro DAVG.ai/3 - Website Images/Nursery_Atelier_Triathlon_Stria_EgretBO_pre ang.png,davg-uncategorized-084,Bedroom,Lutron,visually_reviewed,davg-uncategorized-084-400w.webp,davg-uncategorized-084-800w.webp,davg-uncategorized-084-1600w.webp
"Photo May 17 2026, 12 24 09 AM.jpg","/1 - Astro DAVG.ai/3 - Website Images/Photo May 17 2026, 12 24 09 AM.jpg",davg-uncategorized-085,Kitchen,,visually_reviewed,davg-uncategorized-085-400w.webp,davg-uncategorized-085-800w.webp,davg-uncategorized-085-1600w.webp
BedRm_Atelier_Palladiom_Stria_SilverBO_pre ang.png,/1 - Astro DAVG.ai/3 - Website Images/BedRm_Atelier_Palladiom_Stria_SilverBO_pre ang.png,davg-bedroom-002,Bedroom,,keep_auto,davg-bedroom-002-400w.webp,davg-bedroom-002-800w.webp,davg-bedroom-002-1600w.webp
"Photo May 31 2026, 8 51 03 AM (3).jpg","/1 - Astro DAVG.ai/3 - Website Images/Photo May 31 2026, 8 51 03 AM (3).jpg",davg-uncategorized-086,Home Theater,,visually_reviewed,davg-uncategorized-086-400w.webp,davg-uncategorized-086-800w.webp,davg-uncategorized-086-1600w.webp
Smart Home exterior.jpg,/1 - Astro DAVG.ai/3 - Website Images/Smart Home exterior.jpg,davg-exterior-001,Exterior,,keep_auto,davg-exterior-001-400w.webp,davg-exterior-001-800w.webp,davg-exterior-001-1600w.webp
IMG_2031.JPG,/1 - Astro DAVG.ai/3 - Website Images/IMG_2031.JPG,davg-uncategorized-098,Living Room,,visually_reviewed,davg-uncategorized-098-400w.webp,davg-uncategorized-098-800w.webp,davg-uncategorized-098-1600w.webp
"Photo May 31 2026, 8 51 03 AM (3).png","/1 - Astro DAVG.ai/3 - Website Images/Photo May 31 2026, 8 51 03 AM (3).png",davg-uncategorized-088,Product / Brand Asset,,visually_reviewed,davg-uncategorized-088-400w.webp,davg-uncategorized-088-800w.webp,davg-uncategorized-088-1600w.webp
outdor patio.jpg,/1 - Astro DAVG.ai/3 - Website Images/outdor patio.jpg,davg-outdoor-living-001,Outdoor Living,,keep_auto,davg-outdoor-living-001-400w.webp,davg-outdoor-living-001-800w.webp,davg-outdoor-living-001-1600w.webp
LivRm_Atelier_Sivoia QS_Stria_SilverSH_det2 hembar.jpg,/1 - Astro DAVG.ai/3 - Website Images/LivRm_Atelier_Sivoia QS_Stria_SilverSH_det2 hembar.jpg,davg-living-room-003,Living Room,,keep_auto,davg-living-room-003-400w.webp,davg-living-room-003-800w.webp,davg-living-room-003-1600w.webp
"Photo May 31 2026, 5 28 56 AM.jpg","/1 - Astro DAVG.ai/3 - Website Images/Photo May 31 2026, 5 28 56 AM.jpg",davg-uncategorized-093,Product / Brand Asset,,visually_reviewed,davg-uncategorized-093-400w.webp,davg-uncategorized-093-800w.webp,davg-uncategorized-093-1600w.webp
"Photo May 31 2026, 5 28 57 AM.png","/1 - Astro DAVG.ai/3 - Website Images/Photo May 31 2026, 5 28 57 AM.png",davg-uncategorized-091,Living Room,,visually_reviewed,davg-uncategorized-091-400w.webp,davg-uncategorized-091-800w.webp,davg-uncategorized-091-1600w.webp
MediaInnovations-8.jpg,/1 - Astro DAVG.ai/3 - Website Images/MediaInnovations-8.jpg,davg-uncategorized-095,Product / Brand Asset,,visually_reviewed,davg-uncategorized-095-400w.webp,davg-uncategorized-095-800w.webp,davg-uncategorized-095-1600w.webp
"Photo May 17 2026, 12 56 36 AM.jpg","/1 - Astro DAVG.ai/3 - Website Images/Photo May 17 2026, 12 56 36 AM.jpg",davg-uncategorized-101,Product / Brand Asset,,visually_reviewed,davg-uncategorized-101-400w.webp,davg-uncategorized-101-800w.webp,davg-uncategorized-101-1600w.webp
BedRm_Atelier_Palladiom_Stria_SilverBO_pre ang.jpg,/1 - Astro DAVG.ai/3 - Website Images/BedRm_Atelier_Palladiom_Stria_SilverBO_pre ang.jpg,davg-bedroom-003,Bedroom,,keep_auto,davg-bedroom-003-400w.webp,davg-bedroom-003-800w.webp,davg-bedroom-003-1600w.webp
MediaInnovations-9.jpg,/1 - Astro DAVG.ai/3 - Website Images/MediaInnovations-9.jpg,davg-uncategorized-104,Product / Brand Asset,Control4,visually_reviewed,davg-uncategorized-104-400w.webp,davg-uncategorized-104-800w.webp,davg-uncategorized-104-1600w.webp
"Photo May 31 2026, 5 28 56 AM (22).jpg","/1 - Astro DAVG.ai/3 - Website Images/Photo May 31 2026, 5 28 56 AM (22).jpg",davg-uncategorized-103,Bedroom,,visually_reviewed,davg-uncategorized-103-400w.webp,davg-uncategorized-103-800w.webp,davg-uncategorized-103-1600w.webp
Ext_Prv Res_Orlando F_Day_Back Yard_Angle.jpg,/1 - Astro DAVG.ai/3 - Website Images/Ext_Prv Res_Orlando F_Day_Back Yard_Angle.jpg,davg-uncategorized-094,Exterior,,visually_reviewed,davg-uncategorized-094-400w.webp,davg-uncategorized-094-800w.webp,davg-uncategorized-094-1600w.webp
"Photo May 31 2026, 5 28 56 AM (4).jpg","/1 - Astro DAVG.ai/3 - Website Images/Photo May 31 2026, 5 28 56 AM (4).jpg",davg-uncategorized-090,Product / Brand Asset,,visually_reviewed,davg-uncategorized-090-400w.webp,davg-uncategorized-090-800w.webp,davg-uncategorized-090-1600w.webp
DinRm_Atelier_Triathlon_Matrice_GreySH_pre ang.png,/1 - Astro DAVG.ai/3 - Website Images/DinRm_Atelier_Triathlon_Matrice_GreySH_pre ang.png,davg-uncategorized-089,Dining Room,Lutron,visually_reviewed,davg-uncategorized-089-400w.webp,davg-uncategorized-089-800w.webp,davg-uncategorized-089-1600w.webp
LivRm_Atelier_Sivoia QS_Stria_SilverSH_det2 hembar.png,/1 - Astro DAVG.ai/3 - Website Images/LivRm_Atelier_Sivoia QS_Stria_SilverSH_det2 hembar.png,davg-living-room-004,Living Room,,keep_auto,davg-living-room-004-400w.webp,davg-living-room-004-800w.webp,davg-living-room-004-1600w.webp
MediaInnovations-26.jpg,/1 - Astro DAVG.ai/3 - Website Images/MediaInnovations-26.jpg,davg-uncategorized-099,Home Theater,,visually_reviewed,davg-uncategorized-099-400w.webp,davg-uncategorized-099-800w.webp,davg-uncategorized-099-1600w.webp
C4-VBTX14.jpg,/1 - Astro DAVG.ai/3 - Website Images/C4-VBTX14.jpg,davg-control4-004,Product / Brand Asset,Control4,keep_auto,davg-control4-004-400w.webp,davg-control4-004-800w.webp,davg-control4-004-1600w.webp
SBTV Collage (1).jpg,/1 - Astro DAVG.ai/3 - Website Images/SBTV Collage (1).jpg,davg-uncategorized-087,Outdoor Living,SunBrite,visually_reviewed,davg-uncategorized-087-400w.webp,davg-uncategorized-087-800w.webp,davg-uncategorized-087-1600w.webp
AN-ACC-ICBKT_Install-16.jpg,/1 - Astro DAVG.ai/3 - Website Images/AN-ACC-ICBKT_Install-16.jpg,davg-uncategorized-100,Product / Brand Asset,,visually_reviewed,davg-uncategorized-100-400w.webp,davg-uncategorized-100-800w.webp,davg-uncategorized-100-1600w.webp
ANU-A670-US00-LIfestyleResidentialOption2v3.jpg,/1 - Astro DAVG.ai/3 - Website Images/ANU-A670-US00-LIfestyleResidentialOption2v3.jpg,davg-uncategorized-096,Living Room,,visually_reviewed,davg-uncategorized-096-400w.webp,davg-uncategorized-096-800w.webp,davg-uncategorized-096-1600w.webp
"Photo Feb 17 2026, 10 22 24 AM.jpg","/1 - Astro DAVG.ai/3 - Website Images/Photo Feb 17 2026, 10 22 24 AM.jpg",davg-uncategorized-102,Equipment Room,,visually_reviewed,davg-uncategorized-102-400w.webp,davg-uncategorized-102-800w.webp,davg-uncategorized-102-1600w.webp
X4_Highland40.jpg,/1 - Astro DAVG.ai/3 - Website Images/X4_Highland40.jpg,davg-uncategorized-092,Living Room,,visually_reviewed,davg-uncategorized-092-400w.webp,davg-uncategorized-092-800w.webp,davg-uncategorized-092-1600w.webp
Sunbrite-HighRes-5.jpg,/1 - Astro DAVG.ai/3 - Website Images/Sunbrite-HighRes-5.jpg,davg-snapav-002,Product / Brand Asset,SnapAV,keep_auto,davg-snapav-002-400w.webp,davg-snapav-002-800w.webp,davg-snapav-002-1600w.webp
images_Control4_Primary_UI_bar.png,/1 - Astro DAVG.ai/3 - Website Images/images_Control4_Primary_UI_bar.png,davg-control4-005,Product / Brand Asset,Control4,keep_auto,davg-control4-005-400w.webp,davg-control4-005-800w.webp,davg-control4-005-1600w.webp
"Photo Mar 20 2026, 8 21 02 AM (1).jpg","/1 - Astro DAVG.ai/3 - Website Images/Photo Mar 20 2026, 8 21 02 AM (1).jpg",davg-uncategorized-120,Product / Brand Asset,Lutron,visually_reviewed,davg-uncategorized-120-400w.webp,davg-uncategorized-120-800w.webp,davg-uncategorized-120-1600w.webp
C4Yourself-EmailBannersSafer Smarter Home.jpg,/1 - Astro DAVG.ai/3 - Website Images/C4Yourself-EmailBannersSafer Smarter Home.jpg,davg-uncategorized-107,Product / Brand Asset,Control4,visually_reviewed,davg-uncategorized-107-400w.webp,davg-uncategorized-107-800w.webp,davg-uncategorized-107-1600w.webp
"Photo May 31 2026, 5 28 57 AM (9).jpg","/1 - Astro DAVG.ai/3 - Website Images/Photo May 31 2026, 5 28 57 AM (9).jpg",davg-uncategorized-119,Living Room,,visually_reviewed,davg-uncategorized-119-400w.webp,davg-uncategorized-119-800w.webp,davg-uncategorized-119-1600w.webp
"Photo May 31 2026, 8 51 03 AM (7).jpeg","/1 - Astro DAVG.ai/3 - Website Images/Photo May 31 2026, 8 51 03 AM (7).jpeg",davg-uncategorized-108,Living Room,,visually_reviewed,davg-uncategorized-108-400w.webp,davg-uncategorized-108-800w.webp,davg-uncategorized-108-1600w.webp
"Photo May 31 2026, 8 51 03 AM (10).jpeg","/1 - Astro DAVG.ai/3 - Website Images/Photo May 31 2026, 8 51 03 AM (10).jpeg",davg-uncategorized-116,Dining Room,,visually_reviewed,davg-uncategorized-116-400w.webp,davg-uncategorized-116-800w.webp,davg-uncategorized-116-1600w.webp
IMG_2047.JPG,/1 - Astro DAVG.ai/3 - Website Images/IMG_2047.JPG,davg-uncategorized-115,Product / Brand Asset,,visually_reviewed,davg-uncategorized-115-400w.webp,davg-uncategorized-115-800w.webp,davg-uncategorized-115-1600w.webp
IMG_2037.JPG,/1 - Astro DAVG.ai/3 - Website Images/IMG_2037.JPG,davg-uncategorized-122,Living Room,,visually_reviewed,davg-uncategorized-122-400w.webp,davg-uncategorized-122-800w.webp,davg-uncategorized-122-1600w.webp
"Photo May 31 2026, 8 51 03 AM (14).jpg","/1 - Astro DAVG.ai/3 - Website Images/Photo May 31 2026, 8 51 03 AM (14).jpg",davg-uncategorized-112,Game Room,,visually_reviewed,davg-uncategorized-112-400w.webp,davg-uncategorized-112-800w.webp,davg-uncategorized-112-1600w.webp
"Photo Mar 09 2026, 7 15 01 PM.jpg","/1 - Astro DAVG.ai/3 - Website Images/Photo Mar 09 2026, 7 15 01 PM.jpg",davg-uncategorized-113,Outdoor Living,,visually_reviewed,davg-uncategorized-113-400w.webp,davg-uncategorized-113-800w.webp,davg-uncategorized-113-1600w.webp
BedRm_Atelier_Triathlon_Matrice ChinchillaBO_pre angle.jpg,/1 - Astro DAVG.ai/3 - Website Images/BedRm_Atelier_Triathlon_Matrice ChinchillaBO_pre angle.jpg,davg-bedroom-006,Bedroom,,keep_auto,davg-bedroom-006-400w.webp,davg-bedroom-006-800w.webp,davg-bedroom-006-1600w.webp
BedRm_Atelier_Sivoia QS_Boucle_MinkBO_pre ang.jpg,/1 - Astro DAVG.ai/3 - Website Images/BedRm_Atelier_Sivoia QS_Boucle_MinkBO_pre ang.jpg,davg-bedroom-005,Bedroom,,keep_auto,davg-bedroom-005-400w.webp,davg-bedroom-005-800w.webp,davg-bedroom-005-1600w.webp
Generated image 1 (3).png,/1 - Astro DAVG.ai/3 - Website Images/Generated image 1 (3).png,davg-uncategorized-106,Home Theater,,visually_reviewed,davg-uncategorized-106-400w.webp,davg-uncategorized-106-800w.webp,davg-uncategorized-106-1600w.webp
"Photo May 17 2026, 12 57 41 AM.jpg","/1 - Astro DAVG.ai/3 - Website Images/Photo May 17 2026, 12 57 41 AM.jpg",davg-uncategorized-121,Product / Brand Asset,,visually_reviewed,davg-uncategorized-121-400w.webp,davg-uncategorized-121-800w.webp,davg-uncategorized-121-1600w.webp
"Photo Jun 07 2026, 9 59 15 PM (9).jpg","/1 - Astro DAVG.ai/3 - Website Images/Photo Jun 07 2026, 9 59 15 PM (9).jpg",davg-uncategorized-110,Uncategorized,,needs_visual_review,davg-uncategorized-110-400w.webp,davg-uncategorized-110-800w.webp,davg-uncategorized-110-1600w.webp
BedRm_Atelier_Sivoia QS_Boucle_MinkBO_pre ang.png,/1 - Astro DAVG.ai/3 - Website Images/BedRm_Atelier_Sivoia QS_Boucle_MinkBO_pre ang.png,davg-bedroom-004,Bedroom,,keep_auto,davg-bedroom-004-400w.webp,davg-bedroom-004-800w.webp,davg-bedroom-004-1600w.webp
application_hero_image_s0202-m-3_1.jpg,/1 - Astro DAVG.ai/3 - Website Images/application_hero_image_s0202-m-3_1.jpg,davg-uncategorized-109,Uncategorized,,needs_visual_review,davg-uncategorized-109-400w.webp,davg-uncategorized-109-800w.webp,davg-uncategorized-109-1600w.webp
"Photo Mar 20 2026, 8 21 02 AM (5).jpg","/1 - Astro DAVG.ai/3 - Website Images/Photo Mar 20 2026, 8 21 02 AM (5).jpg",davg-uncategorized-114,Uncategorized,,needs_visual_review,davg-uncategorized-114-400w.webp,davg-uncategorized-114-800w.webp,davg-uncategorized-114-1600w.webp
"Photo Jun 07 2026, 9 59 15 PM (4) (1).png","/1 - Astro DAVG.ai/3 - Website Images/Photo Jun 07 2026, 9 59 15 PM (4) (1).png",davg-uncategorized-123,Uncategorized,,needs_visual_review,davg-uncategorized-123-400w.webp,davg-uncategorized-123-800w.webp,davg-uncategorized-123-1600w.webp
FullSizeRender (4).HEIC,/1 - Astro DAVG.ai/3 - Website Images/FullSizeRender (4).HEIC,davg-uncategorized-118,Uncategorized,,needs_visual_review,davg-uncategorized-118-400w.webp,davg-uncategorized-118-800w.webp,davg-uncategorized-118-1600w.webp
IMG_4418.HEIC,/1 - Astro DAVG.ai/3 - Website Images/IMG_4418.HEIC,davg-uncategorized-105,Uncategorized,,needs_visual_review,davg-uncategorized-105-400w.webp,davg-uncategorized-105-800w.webp,davg-uncategorized-105-1600w.webp
C4-VBTX15.jpg,/1 - Astro DAVG.ai/3 - Website Images/C4-VBTX15.jpg,davg-control4-006,Product / Brand Asset,Control4,keep_auto,davg-control4-006-400w.webp,davg-control4-006-800w.webp,davg-control4-006-1600w.webp
Vibrant_AZ-44.jpg,/1 - Astro DAVG.ai/3 - Website Images/Vibrant_AZ-44.jpg,davg-uncategorized-111,Uncategorized,,needs_visual_review,davg-uncategorized-111-400w.webp,davg-uncategorized-111-800w.webp,davg-uncategorized-111-1600w.webp
C4-VBTX17.jpg,/1 - Astro DAVG.ai/3 - Website Images/C4-VBTX17.jpg,davg-control4-007,Product / Brand Asset,Control4,keep_auto,davg-control4-007-400w.webp,davg-control4-007-800w.webp,davg-control4-007-1600w.webp
C4-VBTX7.jpg,/1 - Astro DAVG.ai/3 - Website Images/C4-VBTX7.jpg,davg-control4-008,Product / Brand Asset,Control4,keep_auto,davg-control4-008-400w.webp,davg-control4-008-800w.webp,davg-control4-008-1600w.webp
SunBriteTV_Veranda_4K_02.jpg,/1 - Astro DAVG.ai/3 - Website Images/SunBriteTV_Veranda_4K_02.jpg,davg-uncategorized-117,Uncategorized,,needs_visual_review,davg-uncategorized-117-400w.webp,davg-uncategorized-117-800w.webp,davg-uncategorized-117-1600w.webp
"Photo May 31 2026, 8 51 03 AM (5).jpeg","/1 - Astro DAVG.ai/3 - Website Images/Photo May 31 2026, 8 51 03 AM (5).jpeg",davg-uncategorized-136,Uncategorized,,needs_visual_review,davg-uncategorized-136-400w.webp,davg-uncategorized-136-800w.webp,davg-uncategorized-136-1600w.webp
"Photo May 31 2026, 8 51 03 AM (12).jpeg","/1 - Astro DAVG.ai/3 - Website Images/Photo May 31 2026, 8 51 03 AM (12).jpeg",davg-uncategorized-128,Uncategorized,,needs_visual_review,davg-uncategorized-128-400w.webp,davg-uncategorized-128-800w.webp,davg-uncategorized-128-1600w.webp
IMG_1966.JPG,/1 - Astro DAVG.ai/3 - Website Images/IMG_1966.JPG,davg-uncategorized-125,Uncategorized,,needs_visual_review,davg-uncategorized-125-400w.webp,davg-uncategorized-125-800w.webp,davg-uncategorized-125-1600w.webp
IMG_2027.JPG,/1 - Astro DAVG.ai/3 - Website Images/IMG_2027.JPG,davg-uncategorized-138,Uncategorized,,needs_visual_review,davg-uncategorized-138-400w.webp,davg-uncategorized-138-800w.webp,davg-uncategorized-138-1600w.webp
"Photo May 17 2026, 1 02 55 AM.jpg","/1 - Astro DAVG.ai/3 - Website Images/Photo May 17 2026, 1 02 55 AM.jpg",davg-uncategorized-129,Uncategorized,,needs_visual_review,davg-uncategorized-129-400w.webp,davg-uncategorized-129-800w.webp,davg-uncategorized-129-1600w.webp
DF-SL- -ALR-1Z.jpg,/1 - Astro DAVG.ai/3 - Website Images/DF-SL- -ALR-1Z.jpg,davg-uncategorized-126,Uncategorized,,needs_visual_review,davg-uncategorized-126-400w.webp,davg-uncategorized-126-800w.webp,davg-uncategorized-126-1600w.webp
IMG_2028.JPG,/1 - Astro DAVG.ai/3 - Website Images/IMG_2028.JPG,davg-uncategorized-134,Uncategorized,,needs_visual_review,davg-uncategorized-134-400w.webp,davg-uncategorized-134-800w.webp,davg-uncategorized-134-1600w.webp
down-net_http20260717-293-me1b5x.jpg,/1 - Astro DAVG.ai/3 - Website Images/down-net_http20260717-293-me1b5x.jpg,davg-uncategorized-131,Uncategorized,,needs_visual_review,davg-uncategorized-131-400w.webp,davg-uncategorized-131-800w.webp,davg-uncategorized-131-1600w.webp
An-520 araknis patio.jpg,/1 - Astro DAVG.ai/3 - Website Images/An-520 araknis patio.jpg,davg-outdoor-living-002,Outdoor Living,,keep_auto,davg-outdoor-living-002-400w.webp,davg-outdoor-living-002-800w.webp,davg-outdoor-living-002-1600w.webp
"Photo Jun 07 2026, 9 59 15 PM (5).png","/1 - Astro DAVG.ai/3 - Website Images/Photo Jun 07 2026, 9 59 15 PM (5).png",davg-uncategorized-144,Uncategorized,,needs_visual_review,davg-uncategorized-144-400w.webp,davg-uncategorized-144-800w.webp,davg-uncategorized-144-1600w.webp
"Photo Jun 07 2026, 9 59 15 PM (10).jpg","/1 - Astro DAVG.ai/3 - Website Images/Photo Jun 07 2026, 9 59 15 PM (10).jpg",davg-uncategorized-139,Uncategorized,,needs_visual_review,davg-uncategorized-139-400w.webp,davg-uncategorized-139-800w.webp,davg-uncategorized-139-1600w.webp
DinRm_Atelier_Palladiom_Matrice_DawnSH_det4 keypad and tstat.png,/1 - Astro DAVG.ai/3 - Website Images/DinRm_Atelier_Palladiom_Matrice_DawnSH_det4 keypad and tstat.png,davg-uncategorized-140,Uncategorized,,needs_visual_review,davg-uncategorized-140-400w.webp,davg-uncategorized-140-800w.webp,davg-uncategorized-140-1600w.webp
IMG_1143.HEIC,/1 - Astro DAVG.ai/3 - Website Images/IMG_1143.HEIC,davg-uncategorized-132,Uncategorized,,needs_visual_review,davg-uncategorized-132-400w.webp,davg-uncategorized-132-800w.webp,davg-uncategorized-132-1600w.webp
MediaInnovations-30.jpg,/1 - Astro DAVG.ai/3 - Website Images/MediaInnovations-30.jpg,davg-uncategorized-142,Uncategorized,,needs_visual_review,davg-uncategorized-142-400w.webp,davg-uncategorized-142-800w.webp,davg-uncategorized-142-1600w.webp
IMG_0206.HEIC,/1 - Astro DAVG.ai/3 - Website Images/IMG_0206.HEIC,davg-uncategorized-124,Uncategorized,,needs_visual_review,davg-uncategorized-124-400w.webp,davg-uncategorized-124-800w.webp,davg-uncategorized-124-1600w.webp
MediaInnovations-25.jpg,/1 - Astro DAVG.ai/3 - Website Images/MediaInnovations-25.jpg,davg-uncategorized-135,Uncategorized,,needs_visual_review,davg-uncategorized-135-400w.webp,davg-uncategorized-135-800w.webp,davg-uncategorized-135-1600w.webp
image_1e8f3395 (1).png,/1 - Astro DAVG.ai/3 - Website Images/image_1e8f3395 (1).png,davg-uncategorized-133,Uncategorized,,needs_visual_review,davg-uncategorized-133-400w.webp,davg-uncategorized-133-800w.webp,davg-uncategorized-133-1600w.webp
MediaInnovations-18.jpg,/1 - Astro DAVG.ai/3 - Website Images/MediaInnovations-18.jpg,davg-uncategorized-141,Uncategorized,,needs_visual_review,davg-uncategorized-141-400w.webp,davg-uncategorized-141-800w.webp,davg-uncategorized-141-1600w.webp
BedRm_Atelier_Triathlon_Matrice ChinchillaBO_pre angle.png,/1 - Astro DAVG.ai/3 - Website Images/BedRm_Atelier_Triathlon_Matrice ChinchillaBO_pre angle.png,davg-bedroom-007,Bedroom,,keep_auto,davg-bedroom-007-400w.webp,davg-bedroom-007-800w.webp,davg-bedroom-007-1600w.webp
FullSizeRender (6).HEIC,/1 - Astro DAVG.ai/3 - Website Images/FullSizeRender (6).HEIC,davg-uncategorized-127,Uncategorized,,needs_visual_review,davg-uncategorized-127-400w.webp,davg-uncategorized-127-800w.webp,davg-uncategorized-127-1600w.webp
"Photo May 31 2026, 8 51 03 AM (22).jpg","/1 - Astro DAVG.ai/3 - Website Images/Photo May 31 2026, 8 51 03 AM (22).jpg",davg-uncategorized-137,Uncategorized,,needs_visual_review,davg-uncategorized-137-400w.webp,davg-uncategorized-137-800w.webp,davg-uncategorized-137-1600w.webp
WB-820-12-Front.jpg,/1 - Astro DAVG.ai/3 - Website Images/WB-820-12-Front.jpg,davg-wattbox-002,Product / Brand Asset,WattBox,keep_auto,davg-wattbox-002-400w.webp,davg-wattbox-002-800w.webp,davg-wattbox-002-1600w.webp
"Photo Mar 10 2026, 11 09 10 AM.jpg","/1 - Astro DAVG.ai/3 - Website Images/Photo Mar 10 2026, 11 09 10 AM.jpg",davg-uncategorized-143,Uncategorized,,needs_visual_review,davg-uncategorized-143-400w.webp,davg-uncategorized-143-800w.webp,davg-uncategorized-143-1600w.webp
Vibrant_AZ-46.jpg,/1 - Astro DAVG.ai/3 - Website Images/Vibrant_AZ-46.jpg,davg-uncategorized-130,Uncategorized,,needs_visual_review,davg-uncategorized-130-400w.webp,davg-uncategorized-130-800w.webp,davg-uncategorized-130-1600w.webp
SB-ES-AN-6.jpg,/1 - Astro DAVG.ai/3 - Website Images/SB-ES-AN-6.jpg,davg-uncategorized-145,Uncategorized,,needs_visual_review,davg-uncategorized-145-400w.webp,davg-uncategorized-145-800w.webp,davg-uncategorized-145-1600w.webp
IMG_2051.JPG,/1 - Astro DAVG.ai/3 - Website Images/IMG_2051.JPG,davg-uncategorized-157,Uncategorized,,needs_visual_review,davg-uncategorized-157-400w.webp,davg-uncategorized-157-800w.webp,davg-uncategorized-157-1600w.webp
"Photo Jun 07 2026, 9 59 15 PM (5).jpg","/1 - Astro DAVG.ai/3 - Website Images/Photo Jun 07 2026, 9 59 15 PM (5).jpg",davg-uncategorized-146,Uncategorized,,needs_visual_review,davg-uncategorized-146-400w.webp,davg-uncategorized-146-800w.webp,davg-uncategorized-146-1600w.webp
"Photo May 31 2026, 5 28 57 AM (5).jpg","/1 - Astro DAVG.ai/3 - Website Images/Photo May 31 2026, 5 28 57 AM (5).jpg",davg-uncategorized-153,Uncategorized,,needs_visual_review,davg-uncategorized-153-400w.webp,davg-uncategorized-153-800w.webp,davg-uncategorized-153-1600w.webp
"Photo Mar 20 2026, 8 21 02 AM (2).jpg","/1 - Astro DAVG.ai/3 - Website Images/Photo Mar 20 2026, 8 21 02 AM (2).jpg",davg-uncategorized-163,Uncategorized,,needs_visual_review,davg-uncategorized-163-400w.webp,davg-uncategorized-163-800w.webp,davg-uncategorized-163-1600w.webp
Alisse_Pink Wallpaper_1c2b_BRB.jpg,/1 - Astro DAVG.ai/3 - Website Images/Alisse_Pink Wallpaper_1c2b_BRB.jpg,davg-uncategorized-154,Uncategorized,,needs_visual_review,davg-uncategorized-154-400w.webp,davg-uncategorized-154-800w.webp,davg-uncategorized-154-1600w.webp
"Photo Mar 20 2026, 8 21 02 AM (9).jpg","/1 - Astro DAVG.ai/3 - Website Images/Photo Mar 20 2026, 8 21 02 AM (9).jpg",davg-uncategorized-150,Uncategorized,,needs_visual_review,davg-uncategorized-150-400w.webp,davg-uncategorized-150-800w.webp,davg-uncategorized-150-1600w.webp
"Photo May 31 2026, 5 28 56 AM.jpeg","/1 - Astro DAVG.ai/3 - Website Images/Photo May 31 2026, 5 28 56 AM.jpeg",davg-uncategorized-147,Uncategorized,,needs_visual_review,davg-uncategorized-147-400w.webp,davg-uncategorized-147-800w.webp,davg-uncategorized-147-1600w.webp
"Photo May 31 2026, 5 28 56 AM (8).jpg","/1 - Astro DAVG.ai/3 - Website Images/Photo May 31 2026, 5 28 56 AM (8).jpg",davg-uncategorized-160,Uncategorized,,needs_visual_review,davg-uncategorized-160-400w.webp,davg-uncategorized-160-800w.webp,davg-uncategorized-160-1600w.webp
IMG_2046.JPG,/1 - Astro DAVG.ai/3 - Website Images/IMG_2046.JPG,davg-uncategorized-161,Uncategorized,,needs_visual_review,davg-uncategorized-161-400w.webp,davg-uncategorized-161-800w.webp,davg-uncategorized-161-1600w.webp
Bath_Atelier_Palladiom_Matrice_SharkBO rev_pre.jpg,/1 - Astro DAVG.ai/3 - Website Images/Bath_Atelier_Palladiom_Matrice_SharkBO rev_pre.jpg,davg-bathroom-001,Bathroom,,keep_auto,davg-bathroom-001-400w.webp,davg-bathroom-001-800w.webp,davg-bathroom-001-1600w.webp
lutron_palladiom-qs-keypad.jpg,/1 - Astro DAVG.ai/3 - Website Images/lutron_palladiom-qs-keypad.jpg,davg-uncategorized-148,Uncategorized,,needs_visual_review,davg-uncategorized-148-400w.webp,davg-uncategorized-148-800w.webp,davg-uncategorized-148-1600w.webp
HOME_THEATER_SATELLITE_SPEAKERS_Reflect_02 jpg.jpg,/1 - Astro DAVG.ai/3 - Website Images/HOME_THEATER_SATELLITE_SPEAKERS_Reflect_02 jpg.jpg,davg-home-theater-001,Home Theater,,keep_auto,davg-home-theater-001-400w.webp,davg-home-theater-001-800w.webp,davg-home-theater-001-1600w.webp
AV rack.jpg,/1 - Astro DAVG.ai/3 - Website Images/AV rack.jpg,davg-equipment-room-001,Equipment Room,,keep_auto,davg-equipment-room-001-400w.webp,davg-equipment-room-001-800w.webp,davg-equipment-room-001-1600w.webp
"Photo Mar 06 2026, 12 14 44 PM.jpg","/1 - Astro DAVG.ai/3 - Website Images/Photo Mar 06 2026, 12 14 44 PM.jpg",davg-uncategorized-162,Uncategorized,,needs_visual_review,davg-uncategorized-162-400w.webp,davg-uncategorized-162-800w.webp,davg-uncategorized-162-1600w.webp
DinRm_Atelier_Sivoia QS_Hachure_MinkSH_det.png,/1 - Astro DAVG.ai/3 - Website Images/DinRm_Atelier_Sivoia QS_Hachure_MinkSH_det.png,davg-uncategorized-152,Uncategorized,,needs_visual_review,davg-uncategorized-152-400w.webp,davg-uncategorized-152-800w.webp,davg-uncategorized-152-1600w.webp
IMG_1529.HEIC,/1 - Astro DAVG.ai/3 - Website Images/IMG_1529.HEIC,davg-uncategorized-149,Uncategorized,,needs_visual_review,davg-uncategorized-149-400w.webp,davg-uncategorized-149-800w.webp,davg-uncategorized-149-1600w.webp
Kit_Atelier_Sivoia QS_Satine_SteelSH_det SN 6BRL seeTouch keypad.png,/1 - Astro DAVG.ai/3 - Website Images/Kit_Atelier_Sivoia QS_Satine_SteelSH_det SN 6BRL seeTouch keypad.png,davg-uncategorized-155,Uncategorized,,needs_visual_review,davg-uncategorized-155-400w.webp,davg-uncategorized-155-800w.webp,davg-uncategorized-155-1600w.webp
Daisy_25.jpg,/1 - Astro DAVG.ai/3 - Website Images/Daisy_25.jpg,davg-uncategorized-158,Uncategorized,,needs_visual_review,davg-uncategorized-158-400w.webp,davg-uncategorized-158-800w.webp,davg-uncategorized-158-1600w.webp
"Photo Feb 16 2026, 10 15 24 AM.jpg","/1 - Astro DAVG.ai/3 - Website Images/Photo Feb 16 2026, 10 15 24 AM.jpg",davg-uncategorized-156,Uncategorized,,needs_visual_review,davg-uncategorized-156-400w.webp,davg-uncategorized-156-800w.webp,davg-uncategorized-156-1600w.webp
C4-VBTX16.jpg,/1 - Astro DAVG.ai/3 - Website Images/C4-VBTX16.jpg,davg-control4-010,Product / Brand Asset,Control4,keep_auto,davg-control4-010-400w.webp,davg-control4-010-800w.webp,davg-control4-010-1600w.webp
C4-VBTX6.jpg,/1 - Astro DAVG.ai/3 - Website Images/C4-VBTX6.jpg,davg-control4-009,Product / Brand Asset,Control4,keep_auto,davg-control4-009-400w.webp,davg-control4-009-800w.webp,davg-control4-009-1600w.webp
Outdoor-2024-Luma-3.jpg,/1 - Astro DAVG.ai/3 - Website Images/Outdoor-2024-Luma-3.jpg,davg-outdoor-living-003,Outdoor Living,,keep_auto,davg-outdoor-living-003-400w.webp,davg-outdoor-living-003-800w.webp,davg-outdoor-living-003-1600w.webp
Avalon-Beach-Exclusive-Brands-32.jpg,/1 - Astro DAVG.ai/3 - Website Images/Avalon-Beach-Exclusive-Brands-32.jpg,davg-avalon-006,Product / Brand Asset,Avalon,keep_auto,davg-avalon-006-400w.webp,davg-avalon-006-800w.webp,davg-avalon-006-1600w.webp
Avalon-Beach-Exclusive-Brands-41.jpg,/1 - Astro DAVG.ai/3 - Website Images/Avalon-Beach-Exclusive-Brands-41.jpg,davg-avalon-005,Product / Brand Asset,Avalon,keep_auto,davg-avalon-005-400w.webp,davg-avalon-005-800w.webp,davg-avalon-005-1600w.webp
IMG_3243.jpeg,/1 - Astro DAVG.ai/3 - Website Images/IMG_3243.jpeg,davg-uncategorized-159,Uncategorized,,needs_visual_review,davg-uncategorized-159-400w.webp,davg-uncategorized-159-800w.webp,davg-uncategorized-159-1600w.webp
"Photo May 31 2026, 8 51 03 AM (15).jpeg","/1 - Astro DAVG.ai/3 - Website Images/Photo May 31 2026, 8 51 03 AM (15).jpeg",davg-uncategorized-164,Uncategorized,,needs_visual_review,davg-uncategorized-164-400w.webp,davg-uncategorized-164-800w.webp,davg-uncategorized-164-1600w.webp
"Photo May 31 2026, 5 31 33 AM (15).jpg","/1 - Astro DAVG.ai/3 - Website Images/Photo May 31 2026, 5 31 33 AM (15).jpg",davg-uncategorized-166,Uncategorized,,needs_visual_review,davg-uncategorized-166-400w.webp,davg-uncategorized-166-800w.webp,davg-uncategorized-166-1600w.webp
IMG_2089.JPG,/1 - Astro DAVG.ai/3 - Website Images/IMG_2089.JPG,davg-uncategorized-172,Uncategorized,,needs_visual_review,davg-uncategorized-172-400w.webp,davg-uncategorized-172-800w.webp,davg-uncategorized-172-1600w.webp
"Photo May 31 2026, 8 51 03 AM (13).jpg","/1 - Astro DAVG.ai/3 - Website Images/Photo May 31 2026, 8 51 03 AM (13).jpg",davg-uncategorized-165,Uncategorized,,needs_visual_review,davg-uncategorized-165-400w.webp,davg-uncategorized-165-800w.webp,davg-uncategorized-165-1600w.webp
watt box angle.jpg,/1 - Astro DAVG.ai/3 - Website Images/watt box angle.jpg,davg-uncategorized-176,Uncategorized,,needs_visual_review,davg-uncategorized-176-400w.webp,davg-uncategorized-176-800w.webp,davg-uncategorized-176-1600w.webp
"Photo May 31 2026, 8 51 03 AM (2).jpeg","/1 - Astro DAVG.ai/3 - Website Images/Photo May 31 2026, 8 51 03 AM (2).jpeg",davg-uncategorized-174,Uncategorized,,needs_visual_review,davg-uncategorized-174-400w.webp,davg-uncategorized-174-800w.webp,davg-uncategorized-174-1600w.webp
Intelligent Home Design.jpg,/1 - Astro DAVG.ai/3 - Website Images/Intelligent Home Design.jpg,davg-uncategorized-179,Uncategorized,,needs_visual_review,davg-uncategorized-179-400w.webp,davg-uncategorized-179-800w.webp,davg-uncategorized-179-1600w.webp
"Photo May 17 2026, 12 55 56 AM.jpg","/1 - Astro DAVG.ai/3 - Website Images/Photo May 17 2026, 12 55 56 AM.jpg",davg-uncategorized-184,Uncategorized,,needs_visual_review,davg-uncategorized-184-400w.webp,davg-uncategorized-184-800w.webp,davg-uncategorized-184-1600w.webp
"Photo May 17 2026, 1 00 21 AM.jpg","/1 - Astro DAVG.ai/3 - Website Images/Photo May 17 2026, 1 00 21 AM.jpg",davg-uncategorized-182,Uncategorized,,needs_visual_review,davg-uncategorized-182-400w.webp,davg-uncategorized-182-800w.webp,davg-uncategorized-182-1600w.webp
Generated image 1 (4).png,/1 - Astro DAVG.ai/3 - Website Images/Generated image 1 (4).png,davg-uncategorized-171,Uncategorized,,needs_visual_review,davg-uncategorized-171-400w.webp,davg-uncategorized-171-800w.webp,davg-uncategorized-171-1600w.webp
SnapAVSunbriteTV-1.jpg,/1 - Astro DAVG.ai/3 - Website Images/SnapAVSunbriteTV-1.jpg,davg-snapav-003,Product / Brand Asset,SnapAV,keep_auto,davg-snapav-003-400w.webp,davg-snapav-003-800w.webp,davg-snapav-003-1600w.webp
"Photo May 31 2026, 8 51 03 AM (28).jpeg","/1 - Astro DAVG.ai/3 - Website Images/Photo May 31 2026, 8 51 03 AM (28).jpeg",davg-uncategorized-169,Uncategorized,,needs_visual_review,davg-uncategorized-169-400w.webp,davg-uncategorized-169-800w.webp,davg-uncategorized-169-1600w.webp
Ext_Prv Res_Orlando F_Day_Front_Angle.jpg,/1 - Astro DAVG.ai/3 - Website Images/Ext_Prv Res_Orlando F_Day_Front_Angle.jpg,davg-exterior-002,Exterior,,keep_auto,davg-exterior-002-400w.webp,davg-exterior-002-800w.webp,davg-exterior-002-1600w.webp
"Photo May 31 2026, 5 28 56 AM (2).jpg","/1 - Astro DAVG.ai/3 - Website Images/Photo May 31 2026, 5 28 56 AM (2).jpg",davg-uncategorized-183,Uncategorized,,needs_visual_review,davg-uncategorized-183-400w.webp,davg-uncategorized-183-800w.webp,davg-uncategorized-183-1600w.webp
"Photo Jun 07 2026, 9 59 15 PM (21).jpg","/1 - Astro DAVG.ai/3 - Website Images/Photo Jun 07 2026, 9 59 15 PM (21).jpg",davg-uncategorized-167,Uncategorized,,needs_visual_review,davg-uncategorized-167-400w.webp,davg-uncategorized-167-800w.webp,davg-uncategorized-167-1600w.webp
DinRm_Atelier_Sivoia QS_Hachure_MinkSH_closed AM ang.png,/1 - Astro DAVG.ai/3 - Website Images/DinRm_Atelier_Sivoia QS_Hachure_MinkSH_closed AM ang.png,davg-uncategorized-175,Uncategorized,,needs_visual_review,davg-uncategorized-175-400w.webp,davg-uncategorized-175-800w.webp,davg-uncategorized-175-1600w.webp
IMG_3089.JPG,/1 - Astro DAVG.ai/3 - Website Images/IMG_3089.JPG,davg-uncategorized-177,Uncategorized,,needs_visual_review,davg-uncategorized-177-400w.webp,davg-uncategorized-177-800w.webp,davg-uncategorized-177-1600w.webp
"Photo Mar 10 2026, 11 08 59 AM.jpg","/1 - Astro DAVG.ai/3 - Website Images/Photo Mar 10 2026, 11 08 59 AM.jpg",davg-uncategorized-173,Uncategorized,,needs_visual_review,davg-uncategorized-173-400w.webp,davg-uncategorized-173-800w.webp,davg-uncategorized-173-1600w.webp
FullSizeRender (1).HEIC,/1 - Astro DAVG.ai/3 - Website Images/FullSizeRender (1).HEIC,davg-uncategorized-168,Uncategorized,,needs_visual_review,davg-uncategorized-168-400w.webp,davg-uncategorized-168-800w.webp,davg-uncategorized-168-1600w.webp
SunBrite_img_01 (1).jpg,/1 - Astro DAVG.ai/3 - Website Images/SunBrite_img_01 (1).jpg,davg-uncategorized-178,Uncategorized,,needs_visual_review,davg-uncategorized-178-400w.webp,davg-uncategorized-178-800w.webp,davg-uncategorized-178-1600w.webp
Coming Soon Hero Image DAVG TV.png,/1 - Astro DAVG.ai/3 - Website Images/Coming Soon Hero Image DAVG TV.png,davg-uncategorized-170,Uncategorized,,needs_visual_review,davg-uncategorized-170-400w.webp,davg-uncategorized-170-800w.webp,davg-uncategorized-170-1600w.webp
Toku-Miami-6.jpg,/1 - Astro DAVG.ai/3 - Website Images/Toku-Miami-6.jpg,davg-toku-001,Product / Brand Asset,Toku,keep_auto,davg-toku-001-400w.webp,davg-toku-001-800w.webp,davg-toku-001-1600w.webp
LifestyleSoilsFullSun.jpg,/1 - Astro DAVG.ai/3 - Website Images/LifestyleSoilsFullSun.jpg,davg-uncategorized-181,Uncategorized,,needs_visual_review,davg-uncategorized-181-400w.webp,davg-uncategorized-181-800w.webp,davg-uncategorized-181-1600w.webp
Lux-Lighting-Lifestyle-Avalon-Beach_41.jpg,/1 - Astro DAVG.ai/3 - Website Images/Lux-Lighting-Lifestyle-Avalon-Beach_41.jpg,davg-avalon-008,Product / Brand Asset,Avalon,keep_auto,davg-avalon-008-400w.webp,davg-avalon-008-800w.webp,davg-avalon-008-1600w.webp
Avalon-Beach-Exclusive-Brands-5.jpg,/1 - Astro DAVG.ai/3 - Website Images/Avalon-Beach-Exclusive-Brands-5.jpg,davg-avalon-007,Product / Brand Asset,Avalon,keep_auto,davg-avalon-007-400w.webp,davg-avalon-007-800w.webp,davg-avalon-007-1600w.webp
"Photo Jun 07 2026, 9 59 15 PM (3) (1).jpg","/1 - Astro DAVG.ai/3 - Website Images/Photo Jun 07 2026, 9 59 15 PM (3) (1).jpg",davg-uncategorized-195,Uncategorized,,needs_visual_review,davg-uncategorized-195-400w.webp,davg-uncategorized-195-800w.webp,davg-uncategorized-195-1600w.webp
Prv Res_Orlando CH_Angle_With Palladiom.jpg,/1 - Astro DAVG.ai/3 - Website Images/Prv Res_Orlando CH_Angle_With Palladiom.jpg,davg-lutron-001,Product / Brand Asset,Lutron,keep_auto,davg-lutron-001-400w.webp,davg-lutron-001-800w.webp,davg-lutron-001-1600w.webp
"Photo May 31 2026, 8 51 03 AM (31).jpeg","/1 - Astro DAVG.ai/3 - Website Images/Photo May 31 2026, 8 51 03 AM (31).jpeg",davg-uncategorized-187,Uncategorized,,needs_visual_review,davg-uncategorized-187-400w.webp,davg-uncategorized-187-800w.webp,davg-uncategorized-187-1600w.webp
"Photo May 17 2026, 1 07 54 AM.jpg","/1 - Astro DAVG.ai/3 - Website Images/Photo May 17 2026, 1 07 54 AM.jpg",davg-uncategorized-190,Uncategorized,,needs_visual_review,davg-uncategorized-190-400w.webp,davg-uncategorized-190-800w.webp,davg-uncategorized-190-1600w.webp
"Photo May 17 2026, 1 01 27 AM.jpg","/1 - Astro DAVG.ai/3 - Website Images/Photo May 17 2026, 1 01 27 AM.jpg",davg-uncategorized-199,Uncategorized,,needs_visual_review,davg-uncategorized-199-400w.webp,davg-uncategorized-199-800w.webp,davg-uncategorized-199-1600w.webp
"Photo Mar 20 2026, 8 21 02 AM (16).jpg","/1 - Astro DAVG.ai/3 - Website Images/Photo Mar 20 2026, 8 21 02 AM (16).jpg",davg-uncategorized-193,Uncategorized,,needs_visual_review,davg-uncategorized-193-400w.webp,davg-uncategorized-193-800w.webp,davg-uncategorized-193-1600w.webp
IMG_2043.JPG,/1 - Astro DAVG.ai/3 - Website Images/IMG_2043.JPG,davg-uncategorized-191,Uncategorized,,needs_visual_review,davg-uncategorized-191-400w.webp,davg-uncategorized-191-800w.webp,davg-uncategorized-191-1600w.webp
"Photo May 31 2026, 8 51 03 AM (4).jpg","/1 - Astro DAVG.ai/3 - Website Images/Photo May 31 2026, 8 51 03 AM (4).jpg",davg-uncategorized-186,Uncategorized,,needs_visual_review,davg-uncategorized-186-400w.webp,davg-uncategorized-186-800w.webp,davg-uncategorized-186-1600w.webp
"Photo Mar 20 2026, 8 21 02 AM (3).jpg","/1 - Astro DAVG.ai/3 - Website Images/Photo Mar 20 2026, 8 21 02 AM (3).jpg",davg-uncategorized-185,Uncategorized,,needs_visual_review,davg-uncategorized-185-400w.webp,davg-uncategorized-185-800w.webp,davg-uncategorized-185-1600w.webp
Daisy_26.jpg,/1 - Astro DAVG.ai/3 - Website Images/Daisy_26.jpg,davg-uncategorized-194,Uncategorized,,needs_visual_review,davg-uncategorized-194-400w.webp,davg-uncategorized-194-800w.webp,davg-uncategorized-194-1600w.webp
IMG_0104.HEIC,/1 - Astro DAVG.ai/3 - Website Images/IMG_0104.HEIC,davg-uncategorized-192,Uncategorized,,needs_visual_review,davg-uncategorized-192-400w.webp,davg-uncategorized-192-800w.webp,davg-uncategorized-192-1600w.webp
"Photo May 31 2026, 5 31 33 AM (19).jpg","/1 - Astro DAVG.ai/3 - Website Images/Photo May 31 2026, 5 31 33 AM (19).jpg",davg-uncategorized-197,Uncategorized,,needs_visual_review,davg-uncategorized-197-400w.webp,davg-uncategorized-197-800w.webp,davg-uncategorized-197-1600w.webp
Daisy_24.jpg,/1 - Astro DAVG.ai/3 - Website Images/Daisy_24.jpg,davg-uncategorized-189,Uncategorized,,needs_visual_review,davg-uncategorized-189-400w.webp,davg-uncategorized-189-800w.webp,davg-uncategorized-189-1600w.webp
AMS8-V2_Stack_Front.jpg,/1 - Astro DAVG.ai/3 - Website Images/AMS8-V2_Stack_Front.jpg,davg-uncategorized-188,Uncategorized,,needs_visual_review,davg-uncategorized-188-400w.webp,davg-uncategorized-188-800w.webp,davg-uncategorized-188-1600w.webp
C4-VBTX58.jpg,/1 - Astro DAVG.ai/3 - Website Images/C4-VBTX58.jpg,davg-control4-011,Product / Brand Asset,Control4,keep_auto,davg-control4-011-400w.webp,davg-control4-011-800w.webp,davg-control4-011-1600w.webp
IMG_3131.jpeg,/1 - Astro DAVG.ai/3 - Website Images/IMG_3131.jpeg,davg-uncategorized-196,Uncategorized,,needs_visual_review,davg-uncategorized-196-400w.webp,davg-uncategorized-196-800w.webp,davg-uncategorized-196-1600w.webp
Vibrant_AZ-23.jpg,/1 - Astro DAVG.ai/3 - Website Images/Vibrant_AZ-23.jpg,davg-uncategorized-198,Uncategorized,,needs_visual_review,davg-uncategorized-198-400w.webp,davg-uncategorized-198-800w.webp,davg-uncategorized-198-1600w.webp
Rack_Front.jpg,/1 - Astro DAVG.ai/3 - Website Images/Rack_Front.jpg,davg-equipment-room-002,Equipment Room,,keep_auto,davg-equipment-room-002-400w.webp,davg-equipment-room-002-800w.webp,davg-equipment-room-002-1600w.webp
Episode-Terrain-HR-8.jpg,/1 - Astro DAVG.ai/3 - Website Images/Episode-Terrain-HR-8.jpg,davg-episode-001,Product / Brand Asset,Episode,keep_auto,davg-episode-001-400w.webp,davg-episode-001-800w.webp,davg-episode-001-1600w.webp
Avalon-Beach-Exclusive-Brands-31.jpg,/1 - Astro DAVG.ai/3 - Website Images/Avalon-Beach-Exclusive-Brands-31.jpg,davg-avalon-011,Product / Brand Asset,Avalon,keep_auto,davg-avalon-011-400w.webp,davg-avalon-011-800w.webp,davg-avalon-011-1600w.webp
Avalon-Beach-Exclusive-Brands-19.jpg,/1 - Astro DAVG.ai/3 - Website Images/Avalon-Beach-Exclusive-Brands-19.jpg,davg-avalon-013,Product / Brand Asset,Avalon,keep_auto,davg-avalon-013-400w.webp,davg-avalon-013-800w.webp,davg-avalon-013-1600w.webp
Avalon-Beach-Exclusive-Brands-4.jpg,/1 - Astro DAVG.ai/3 - Website Images/Avalon-Beach-Exclusive-Brands-4.jpg,davg-avalon-009,Product / Brand Asset,Avalon,keep_auto,davg-avalon-009-400w.webp,davg-avalon-009-800w.webp,davg-avalon-009-1600w.webp
Avalon-Beach-Exclusive-Brands-27.jpg,/1 - Astro DAVG.ai/3 - Website Images/Avalon-Beach-Exclusive-Brands-27.jpg,davg-avalon-010,Product / Brand Asset,Avalon,keep_auto,davg-avalon-010-400w.webp,davg-avalon-010-800w.webp,davg-avalon-010-1600w.webp
IMG_2059.JPG,/1 - Astro DAVG.ai/3 - Website Images/IMG_2059.JPG,davg-uncategorized-211,Uncategorized,,needs_visual_review,davg-uncategorized-211-400w.webp,davg-uncategorized-211-800w.webp,davg-uncategorized-211-1600w.webp
0E-CA46F_lifestyle.jpg,/1 - Astro DAVG.ai/3 - Website Images/0E-CA46F_lifestyle.jpg,davg-uncategorized-207,Uncategorized,,needs_visual_review,davg-uncategorized-207-400w.webp,davg-uncategorized-207-800w.webp,davg-uncategorized-207-1600w.webp
IMG_2058.JPG,/1 - Astro DAVG.ai/3 - Website Images/IMG_2058.JPG,davg-uncategorized-212,Uncategorized,,needs_visual_review,davg-uncategorized-212-400w.webp,davg-uncategorized-212-800w.webp,davg-uncategorized-212-1600w.webp
Generated image 1 (8).png,/1 - Astro DAVG.ai/3 - Website Images/Generated image 1 (8).png,davg-uncategorized-201,Uncategorized,,needs_visual_review,davg-uncategorized-201-400w.webp,davg-uncategorized-201-800w.webp,davg-uncategorized-201-1600w.webp
Kit_Prv Res_Orlando CH_with GRAFIK T_2.jpg,/1 - Astro DAVG.ai/3 - Website Images/Kit_Prv Res_Orlando CH_with GRAFIK T_2.jpg,davg-uncategorized-210,Uncategorized,,needs_visual_review,davg-uncategorized-210-400w.webp,davg-uncategorized-210-800w.webp,davg-uncategorized-210-1600w.webp
"Photo Jun 07 2026, 9 59 15 PM (17).jpg","/1 - Astro DAVG.ai/3 - Website Images/Photo Jun 07 2026, 9 59 15 PM (17).jpg",davg-uncategorized-213,Uncategorized,,needs_visual_review,davg-uncategorized-213-400w.webp,davg-uncategorized-213-800w.webp,davg-uncategorized-213-1600w.webp
ES-ROCK-DVC-8-GRA-C-1.jpg,/1 - Astro DAVG.ai/3 - Website Images/ES-ROCK-DVC-8-GRA-C-1.jpg,davg-outdoor-living-006,Outdoor Living,,keep_auto,davg-outdoor-living-006-400w.webp,davg-outdoor-living-006-800w.webp,davg-outdoor-living-006-1600w.webp
"Photo Jun 07 2026, 9 59 15 PM (2).jpg","/1 - Astro DAVG.ai/3 - Website Images/Photo Jun 07 2026, 9 59 15 PM (2).jpg",davg-uncategorized-204,Uncategorized,,needs_visual_review,davg-uncategorized-204-400w.webp,davg-uncategorized-204-800w.webp,davg-uncategorized-204-1600w.webp
IMG_1113.HEIC,/1 - Astro DAVG.ai/3 - Website Images/IMG_1113.HEIC,davg-uncategorized-217,Uncategorized,,needs_visual_review,davg-uncategorized-217-400w.webp,davg-uncategorized-217-800w.webp,davg-uncategorized-217-1600w.webp
DinRm_NY Loft_Angle_Shades Preset.png,/1 - Astro DAVG.ai/3 - Website Images/DinRm_NY Loft_Angle_Shades Preset.png,davg-uncategorized-215,Uncategorized,,needs_visual_review,davg-uncategorized-215-400w.webp,davg-uncategorized-215-800w.webp,davg-uncategorized-215-1600w.webp
Brightness_Landscape.jpg,/1 - Astro DAVG.ai/3 - Website Images/Brightness_Landscape.jpg,davg-outdoor-living-004,Outdoor Living,,keep_auto,davg-outdoor-living-004-400w.webp,davg-outdoor-living-004-800w.webp,davg-outdoor-living-004-1600w.webp
Alisse Vignette_1c2b_GP_Gray Tile_Left.jpg,/1 - Astro DAVG.ai/3 - Website Images/Alisse Vignette_1c2b_GP_Gray Tile_Left.jpg,davg-uncategorized-203,Uncategorized,,needs_visual_review,davg-uncategorized-203-400w.webp,davg-uncategorized-203-800w.webp,davg-uncategorized-203-1600w.webp
"Photo May 31 2026, 5 28 56 AM (7).jpg","/1 - Astro DAVG.ai/3 - Website Images/Photo May 31 2026, 5 28 56 AM (7).jpg",davg-uncategorized-205,Uncategorized,,needs_visual_review,davg-uncategorized-205-400w.webp,davg-uncategorized-205-800w.webp,davg-uncategorized-205-1600w.webp
Brightness_Soccer.jpg,/1 - Astro DAVG.ai/3 - Website Images/Brightness_Soccer.jpg,davg-uncategorized-209,Uncategorized,,needs_visual_review,davg-uncategorized-209-400w.webp,davg-uncategorized-209-800w.webp,davg-uncategorized-209-1600w.webp
DinRm_Atelier_Sivoia QS_Hachure_WhiteSH_pre ang.png,/1 - Astro DAVG.ai/3 - Website Images/DinRm_Atelier_Sivoia QS_Hachure_WhiteSH_pre ang.png,davg-uncategorized-216,Uncategorized,,needs_visual_review,davg-uncategorized-216-400w.webp,davg-uncategorized-216-800w.webp,davg-uncategorized-216-1600w.webp
"Photo Jun 07 2026, 9 59 15 PM (2).png","/1 - Astro DAVG.ai/3 - Website Images/Photo Jun 07 2026, 9 59 15 PM (2).png",davg-uncategorized-206,Uncategorized,,needs_visual_review,davg-uncategorized-206-400w.webp,davg-uncategorized-206-800w.webp,davg-uncategorized-206-1600w.webp
LivRm_Atelier_Sivoia QS_Stria_SlateSH_det.png,/1 - Astro DAVG.ai/3 - Website Images/LivRm_Atelier_Sivoia QS_Stria_SlateSH_det.png,davg-living-room-005,Living Room,,keep_auto,davg-living-room-005-400w.webp,davg-living-room-005-800w.webp,davg-living-room-005-1600w.webp
X4_Highland26.jpg,/1 - Astro DAVG.ai/3 - Website Images/X4_Highland26.jpg,davg-uncategorized-200,Uncategorized,,needs_visual_review,davg-uncategorized-200-400w.webp,davg-uncategorized-200-800w.webp,davg-uncategorized-200-1600w.webp
IMG_1847.HEIC,/1 - Astro DAVG.ai/3 - Website Images/IMG_1847.HEIC,davg-uncategorized-214,Uncategorized,,needs_visual_review,davg-uncategorized-214-400w.webp,davg-uncategorized-214-800w.webp,davg-uncategorized-214-1600w.webp
Outdoor-2024-Radiance-64.jpg,/1 - Astro DAVG.ai/3 - Website Images/Outdoor-2024-Radiance-64.jpg,davg-outdoor-living-005,Outdoor Living,,keep_auto,davg-outdoor-living-005-400w.webp,davg-outdoor-living-005-800w.webp,davg-outdoor-living-005-1600w.webp
"Photo Feb 17 2026, 10 24 14 AM.jpg","/1 - Astro DAVG.ai/3 - Website Images/Photo Feb 17 2026, 10 24 14 AM.jpg",davg-uncategorized-202,Uncategorized,,needs_visual_review,davg-uncategorized-202-400w.webp,davg-uncategorized-202-800w.webp,davg-uncategorized-202-1600w.webp
IMG_0057.heic,/1 - Astro DAVG.ai/3 - Website Images/IMG_0057.heic,davg-uncategorized-208,Uncategorized,,needs_visual_review,davg-uncategorized-208-400w.webp,davg-uncategorized-208-800w.webp,davg-uncategorized-208-1600w.webp
Vibrant_AZ-22.jpg,/1 - Astro DAVG.ai/3 - Website Images/Vibrant_AZ-22.jpg,davg-uncategorized-218,Uncategorized,,needs_visual_review,davg-uncategorized-218-400w.webp,davg-uncategorized-218-800w.webp,davg-uncategorized-218-1600w.webp
Avalon-Beach-Exclusive-Brands-25.jpg,/1 - Astro DAVG.ai/3 - Website Images/Avalon-Beach-Exclusive-Brands-25.jpg,davg-avalon-012,Product / Brand Asset,Avalon,keep_auto,davg-avalon-012-400w.webp,davg-avalon-012-800w.webp,davg-avalon-012-1600w.webp
Avalon-Beach-Exclusive-Brands-6.jpg,/1 - Astro DAVG.ai/3 - Website Images/Avalon-Beach-Exclusive-Brands-6.jpg,davg-avalon-014,Product / Brand Asset,Avalon,keep_auto,davg-avalon-014-400w.webp,davg-avalon-014-800w.webp,davg-avalon-014-1600w.webp
"Photo May 31 2026, 5 31 34 AM (3).jpeg","/1 - Astro DAVG.ai/3 - Website Images/Photo May 31 2026, 5 31 34 AM (3).jpeg",davg-uncategorized-221,Uncategorized,,needs_visual_review,davg-uncategorized-221-400w.webp,davg-uncategorized-221-800w.webp,davg-uncategorized-221-1600w.webp
watt box frotn wide.jpg,/1 - Astro DAVG.ai/3 - Website Images/watt box frotn wide.jpg,davg-uncategorized-224,Uncategorized,,needs_visual_review,davg-uncategorized-224-400w.webp,davg-uncategorized-224-800w.webp,davg-uncategorized-224-1600w.webp
"Photo May 31 2026, 8 51 03 AM (4).jpeg","/1 - Astro DAVG.ai/3 - Website Images/Photo May 31 2026, 8 51 03 AM (4).jpeg",davg-uncategorized-228,Uncategorized,,needs_visual_review,davg-uncategorized-228-400w.webp,davg-uncategorized-228-800w.webp,davg-uncategorized-228-1600w.webp
"Photo Apr 27 2026, 4 18 58 PM.jpg","/1 - Astro DAVG.ai/3 - Website Images/Photo Apr 27 2026, 4 18 58 PM.jpg",davg-uncategorized-219,Uncategorized,,needs_visual_review,davg-uncategorized-219-400w.webp,davg-uncategorized-219-800w.webp,davg-uncategorized-219-1600w.webp
Ext EU_Super Yacht_Netherlands_Side Deck.jpg,/1 - Astro DAVG.ai/3 - Website Images/Ext EU_Super Yacht_Netherlands_Side Deck.jpg,davg-exterior-003,Exterior,,keep_auto,davg-exterior-003-400w.webp,davg-exterior-003-800w.webp,davg-exterior-003-1600w.webp
hero 1200 x600.png,/1 - Astro DAVG.ai/3 - Website Images/hero 1200 x600.png,davg-uncategorized-234,Uncategorized,,needs_visual_review,davg-uncategorized-234-400w.webp,davg-uncategorized-234-800w.webp,davg-uncategorized-234-1600w.webp
application_hero_image_s3030-e-3_1.jpg,/1 - Astro DAVG.ai/3 - Website Images/application_hero_image_s3030-e-3_1.jpg,davg-uncategorized-229,Uncategorized,,needs_visual_review,davg-uncategorized-229-400w.webp,davg-uncategorized-229-800w.webp,davg-uncategorized-229-1600w.webp
application_hero_image_s3535-kb-3_1.jpg,/1 - Astro DAVG.ai/3 - Website Images/application_hero_image_s3535-kb-3_1.jpg,davg-uncategorized-232,Uncategorized,,needs_visual_review,davg-uncategorized-232-400w.webp,davg-uncategorized-232-800w.webp,davg-uncategorized-232-1600w.webp
"Photo May 31 2026, 8 51 03 AM (9).jpg","/1 - Astro DAVG.ai/3 - Website Images/Photo May 31 2026, 8 51 03 AM (9).jpg",davg-uncategorized-226,Uncategorized,,needs_visual_review,davg-uncategorized-226-400w.webp,davg-uncategorized-226-800w.webp,davg-uncategorized-226-1600w.webp
IMG_3234.jpeg,/1 - Astro DAVG.ai/3 - Website Images/IMG_3234.jpeg,davg-uncategorized-223,Uncategorized,,needs_visual_review,davg-uncategorized-223-400w.webp,davg-uncategorized-223-800w.webp,davg-uncategorized-223-1600w.webp
"Photo May 31 2026, 8 51 03 AM (8).jpg","/1 - Astro DAVG.ai/3 - Website Images/Photo May 31 2026, 8 51 03 AM (8).jpg",davg-uncategorized-222,Uncategorized,,needs_visual_review,davg-uncategorized-222-400w.webp,davg-uncategorized-222-800w.webp,davg-uncategorized-222-1600w.webp
"Photo May 31 2026, 5 28 56 AM (12).jpg","/1 - Astro DAVG.ai/3 - Website Images/Photo May 31 2026, 5 28 56 AM (12).jpg",davg-uncategorized-230,Uncategorized,,needs_visual_review,davg-uncategorized-230-400w.webp,davg-uncategorized-230-800w.webp,davg-uncategorized-230-1600w.webp
DinRm_NY Loft_Shades Preset.png,/1 - Astro DAVG.ai/3 - Website Images/DinRm_NY Loft_Shades Preset.png,davg-uncategorized-233,Uncategorized,,needs_visual_review,davg-uncategorized-233-400w.webp,davg-uncategorized-233-800w.webp,davg-uncategorized-233-1600w.webp
Ext EU_Super Yacht_Netherlands_Side Deck.png,/1 - Astro DAVG.ai/3 - Website Images/Ext EU_Super Yacht_Netherlands_Side Deck.png,davg-exterior-004,Exterior,,keep_auto,davg-exterior-004-400w.webp,davg-exterior-004-800w.webp,davg-exterior-004-1600w.webp
Daisy_27.jpg,/1 - Astro DAVG.ai/3 - Website Images/Daisy_27.jpg,davg-uncategorized-225,Uncategorized,,needs_visual_review,davg-uncategorized-225-400w.webp,davg-uncategorized-225-800w.webp,davg-uncategorized-225-1600w.webp
FullSizeRender (3).HEIC,/1 - Astro DAVG.ai/3 - Website Images/FullSizeRender (3).HEIC,davg-uncategorized-220,Uncategorized,,needs_visual_review,davg-uncategorized-220-400w.webp,davg-uncategorized-220-800w.webp,davg-uncategorized-220-1600w.webp
Daisy_23.jpg,/1 - Astro DAVG.ai/3 - Website Images/Daisy_23.jpg,davg-uncategorized-227,Uncategorized,,needs_visual_review,davg-uncategorized-227-400w.webp,davg-uncategorized-227-800w.webp,davg-uncategorized-227-1600w.webp
Rack-2.jpg,/1 - Astro DAVG.ai/3 - Website Images/Rack-2.jpg,davg-equipment-room-003,Equipment Room,,keep_auto,davg-equipment-room-003-400w.webp,davg-equipment-room-003-800w.webp,davg-equipment-room-003-1600w.webp
WB-820-12-FrontWide.jpg,/1 - Astro DAVG.ai/3 - Website Images/WB-820-12-FrontWide.jpg,davg-wattbox-003,Product / Brand Asset,WattBox,keep_auto,davg-wattbox-003-400w.webp,davg-wattbox-003-800w.webp,davg-wattbox-003-1600w.webp
Home-Install-NY-41.jpg,/1 - Astro DAVG.ai/3 - Website Images/Home-Install-NY-41.jpg,davg-uncategorized-231,Uncategorized,,needs_visual_review,davg-uncategorized-231-400w.webp,davg-uncategorized-231-800w.webp,davg-uncategorized-231-1600w.webp
Burial-HighRes-2.jpg,/1 - Astro DAVG.ai/3 - Website Images/Burial-HighRes-2.jpg,davg-uncategorized-235,Uncategorized,,needs_visual_review,davg-uncategorized-235-400w.webp,davg-uncategorized-235-800w.webp,davg-uncategorized-235-1600w.webp
Avalon-Beach-Exclusive-Brands-34.jpg,/1 - Astro DAVG.ai/3 - Website Images/Avalon-Beach-Exclusive-Brands-34.jpg,davg-avalon-017,Product / Brand Asset,Avalon,keep_auto,davg-avalon-017-400w.webp,davg-avalon-017-800w.webp,davg-avalon-017-1600w.webp
Avalon-Beach-Exclusive-Brands-30.jpg,/1 - Astro DAVG.ai/3 - Website Images/Avalon-Beach-Exclusive-Brands-30.jpg,davg-avalon-016,Product / Brand Asset,Avalon,keep_auto,davg-avalon-016-400w.webp,davg-avalon-016-800w.webp,davg-avalon-016-1600w.webp
Avalon-Beach-Exclusive-Brands-3.jpg,/1 - Astro DAVG.ai/3 - Website Images/Avalon-Beach-Exclusive-Brands-3.jpg,davg-avalon-018,Product / Brand Asset,Avalon,keep_auto,davg-avalon-018-400w.webp,davg-avalon-018-800w.webp,davg-avalon-018-1600w.webp
Avalon-Beach-Exclusive-Brands-24.jpg,/1 - Astro DAVG.ai/3 - Website Images/Avalon-Beach-Exclusive-Brands-24.jpg,davg-avalon-015,Product / Brand Asset,Avalon,keep_auto,davg-avalon-015-400w.webp,davg-avalon-015-800w.webp,davg-avalon-015-1600w.webp
IMG_2026.JPG,/1 - Astro DAVG.ai/3 - Website Images/IMG_2026.JPG,davg-uncategorized-244,Uncategorized,,needs_visual_review,davg-uncategorized-244-400w.webp,davg-uncategorized-244-800w.webp,davg-uncategorized-244-1600w.webp
"Photo May 17 2026, 12 58 25 AM.jpg","/1 - Astro DAVG.ai/3 - Website Images/Photo May 17 2026, 12 58 25 AM.jpg",davg-uncategorized-256,Uncategorized,,needs_visual_review,davg-uncategorized-256-400w.webp,davg-uncategorized-256-800w.webp,davg-uncategorized-256-1600w.webp
"Photo May 31 2026, 8 51 03 AM (13).jpeg","/1 - Astro DAVG.ai/3 - Website Images/Photo May 31 2026, 8 51 03 AM (13).jpeg",davg-uncategorized-239,Uncategorized,,needs_visual_review,davg-uncategorized-239-400w.webp,davg-uncategorized-239-800w.webp,davg-uncategorized-239-1600w.webp
IMG_2061.PNG,/1 - Astro DAVG.ai/3 - Website Images/IMG_2061.PNG,davg-uncategorized-255,Uncategorized,,needs_visual_review,davg-uncategorized-255-400w.webp,davg-uncategorized-255-800w.webp,davg-uncategorized-255-1600w.webp
"Photo May 31 2026, 5 31 32 AM.jpg","/1 - Astro DAVG.ai/3 - Website Images/Photo May 31 2026, 5 31 32 AM.jpg",davg-uncategorized-248,Uncategorized,,needs_visual_review,davg-uncategorized-248-400w.webp,davg-uncategorized-248-800w.webp,davg-uncategorized-248-1600w.webp
Kit_Atelier_Sivoia QS_Satine_SteelSH_pre ang.jpg,/1 - Astro DAVG.ai/3 - Website Images/Kit_Atelier_Sivoia QS_Satine_SteelSH_pre ang.jpg,davg-uncategorized-245,Uncategorized,,needs_visual_review,davg-uncategorized-245-400w.webp,davg-uncategorized-245-800w.webp,davg-uncategorized-245-1600w.webp
"Photo Jun 07 2026, 9 59 15 PM (3).jpg","/1 - Astro DAVG.ai/3 - Website Images/Photo Jun 07 2026, 9 59 15 PM (3).jpg",davg-uncategorized-251,Uncategorized,,needs_visual_review,davg-uncategorized-251-400w.webp,davg-uncategorized-251-800w.webp,davg-uncategorized-251-1600w.webp
IMG_2049.JPG,/1 - Astro DAVG.ai/3 - Website Images/IMG_2049.JPG,davg-uncategorized-246,Uncategorized,,needs_visual_review,davg-uncategorized-246-400w.webp,davg-uncategorized-246-800w.webp,davg-uncategorized-246-1600w.webp
BedRm 1_Prv Res_Orlando F_Drapes 2_Day.jpg,/1 - Astro DAVG.ai/3 - Website Images/BedRm 1_Prv Res_Orlando F_Drapes 2_Day.jpg,davg-bedroom-009,Bedroom,,keep_auto,davg-bedroom-009-400w.webp,davg-bedroom-009-800w.webp,davg-bedroom-009-1600w.webp
Ext_Prv Res_Orlando CH_Front of House.jpg,/1 - Astro DAVG.ai/3 - Website Images/Ext_Prv Res_Orlando CH_Front of House.jpg,davg-uncategorized-236,Uncategorized,,needs_visual_review,davg-uncategorized-236-400w.webp,davg-uncategorized-236-800w.webp,davg-uncategorized-236-1600w.webp
FullSizeRender (7).HEIC,/1 - Astro DAVG.ai/3 - Website Images/FullSizeRender (7).HEIC,davg-uncategorized-238,Uncategorized,,needs_visual_review,davg-uncategorized-238-400w.webp,davg-uncategorized-238-800w.webp,davg-uncategorized-238-1600w.webp
"Photo May 31 2026, 5 28 56 AM (6).jpg","/1 - Astro DAVG.ai/3 - Website Images/Photo May 31 2026, 5 28 56 AM (6).jpg",davg-uncategorized-253,Uncategorized,,needs_visual_review,davg-uncategorized-253-400w.webp,davg-uncategorized-253-800w.webp,davg-uncategorized-253-1600w.webp
application_hero_image_rf-mnmr-4_1.jpg,/1 - Astro DAVG.ai/3 - Website Images/application_hero_image_rf-mnmr-4_1.jpg,davg-uncategorized-249,Uncategorized,,needs_visual_review,davg-uncategorized-249-400w.webp,davg-uncategorized-249-800w.webp,davg-uncategorized-249-1600w.webp
"Photo Jun 07 2026, 9 59 15 PM (16).jpg","/1 - Astro DAVG.ai/3 - Website Images/Photo Jun 07 2026, 9 59 15 PM (16).jpg",davg-uncategorized-243,Uncategorized,,needs_visual_review,davg-uncategorized-243-400w.webp,davg-uncategorized-243-800w.webp,davg-uncategorized-243-1600w.webp
"Photo Jun 07 2026, 9 59 15 PM (3).png","/1 - Astro DAVG.ai/3 - Website Images/Photo Jun 07 2026, 9 59 15 PM (3).png",davg-uncategorized-247,Uncategorized,,needs_visual_review,davg-uncategorized-247-400w.webp,davg-uncategorized-247-800w.webp,davg-uncategorized-247-1600w.webp
application_hero_image_rf-msc-4_1.jpg,/1 - Astro DAVG.ai/3 - Website Images/application_hero_image_rf-msc-4_1.jpg,davg-uncategorized-254,Uncategorized,,needs_visual_review,davg-uncategorized-254-400w.webp,davg-uncategorized-254-800w.webp,davg-uncategorized-254-1600w.webp
Frame-TV_2.png,/1 - Astro DAVG.ai/3 - Website Images/Frame-TV_2.png,davg-uncategorized-252,Uncategorized,,needs_visual_review,davg-uncategorized-252-400w.webp,davg-uncategorized-252-800w.webp,davg-uncategorized-252-1600w.webp
BedRm_Atelier_Triathlon_Hachure_PewterBO_det1 fascia.jpg,/1 - Astro DAVG.ai/3 - Website Images/BedRm_Atelier_Triathlon_Hachure_PewterBO_det1 fascia.jpg,davg-bedroom-008,Bedroom,,keep_auto,davg-bedroom-008-400w.webp,davg-bedroom-008-800w.webp,davg-bedroom-008-1600w.webp
IMG_1112.HEIC,/1 - Astro DAVG.ai/3 - Website Images/IMG_1112.HEIC,davg-uncategorized-237,Uncategorized,,needs_visual_review,davg-uncategorized-237-400w.webp,davg-uncategorized-237-800w.webp,davg-uncategorized-237-1600w.webp
BedRm_Atelier_Triathlon_Hachure_PewterBO_det1 fascia.png,/1 - Astro DAVG.ai/3 - Website Images/BedRm_Atelier_Triathlon_Hachure_PewterBO_det1 fascia.png,davg-bedroom-010,Bedroom,,keep_auto,davg-bedroom-010-400w.webp,davg-bedroom-010-800w.webp,davg-bedroom-010-1600w.webp
IMG_3223.jpeg,/1 - Astro DAVG.ai/3 - Website Images/IMG_3223.jpeg,davg-uncategorized-241,Uncategorized,,needs_visual_review,davg-uncategorized-241-400w.webp,davg-uncategorized-241-800w.webp,davg-uncategorized-241-1600w.webp
Denver-Penthouse_Case-Study-14.jpg,/1 - Astro DAVG.ai/3 - Website Images/Denver-Penthouse_Case-Study-14.jpg,davg-uncategorized-250,Uncategorized,,needs_visual_review,davg-uncategorized-250-400w.webp,davg-uncategorized-250-800w.webp,davg-uncategorized-250-1600w.webp
Denver-Penthouse_Case-Study-15.jpg,/1 - Astro DAVG.ai/3 - Website Images/Denver-Penthouse_Case-Study-15.jpg,davg-uncategorized-240,Uncategorized,,needs_visual_review,davg-uncategorized-240-400w.webp,davg-uncategorized-240-800w.webp,davg-uncategorized-240-1600w.webp
OTOAllWeatherSoundbarShoot-48.jpg,/1 - Astro DAVG.ai/3 - Website Images/OTOAllWeatherSoundbarShoot-48.jpg,davg-uncategorized-242,Uncategorized,,needs_visual_review,davg-uncategorized-242-400w.webp,davg-uncategorized-242-800w.webp,davg-uncategorized-242-1600w.webp
Rack_Back.jpg,/1 - Astro DAVG.ai/3 - Website Images/Rack_Back.jpg,davg-equipment-room-004,Equipment Room,,keep_auto,davg-equipment-room-004-400w.webp,davg-equipment-room-004-800w.webp,davg-equipment-room-004-1600w.webp
"Photo Mar 17 2026, 3 48 17 PM.jpg","/1 - Astro DAVG.ai/3 - Website Images/Photo Mar 17 2026, 3 48 17 PM.jpg",davg-uncategorized-270,Uncategorized,,needs_visual_review,davg-uncategorized-270-400w.webp,davg-uncategorized-270-800w.webp,davg-uncategorized-270-1600w.webp
DFRM-NTT- -ALR-1Z.jpg,/1 - Astro DAVG.ai/3 - Website Images/DFRM-NTT- -ALR-1Z.jpg,davg-uncategorized-265,Uncategorized,,needs_visual_review,davg-uncategorized-265-400w.webp,davg-uncategorized-265-800w.webp,davg-uncategorized-265-1600w.webp
"Photo May 31 2026, 5 31 33 AM (18).jpg","/1 - Astro DAVG.ai/3 - Website Images/Photo May 31 2026, 5 31 33 AM (18).jpg",davg-uncategorized-264,Uncategorized,,needs_visual_review,davg-uncategorized-264-400w.webp,davg-uncategorized-264-800w.webp,davg-uncategorized-264-1600w.webp
"Photo May 17 2026, 1 02 41 AM.jpg","/1 - Astro DAVG.ai/3 - Website Images/Photo May 17 2026, 1 02 41 AM.jpg",davg-uncategorized-261,Uncategorized,,needs_visual_review,davg-uncategorized-261-400w.webp,davg-uncategorized-261-800w.webp,davg-uncategorized-261-1600w.webp
"Photo May 31 2026, 8 51 03 AM (5).jpg","/1 - Astro DAVG.ai/3 - Website Images/Photo May 31 2026, 8 51 03 AM (5).jpg",davg-uncategorized-273,Uncategorized,,needs_visual_review,davg-uncategorized-273-400w.webp,davg-uncategorized-273-800w.webp,davg-uncategorized-273-1600w.webp
ES-AW-SNDBR-M-BLK-9Z.jpg,/1 - Astro DAVG.ai/3 - Website Images/ES-AW-SNDBR-M-BLK-9Z.jpg,davg-uncategorized-275,Uncategorized,,needs_visual_review,davg-uncategorized-275-400w.webp,davg-uncategorized-275-800w.webp,davg-uncategorized-275-1600w.webp
down-net_http20260717-204-dwgkcq.jpg,/1 - Astro DAVG.ai/3 - Website Images/down-net_http20260717-204-dwgkcq.jpg,davg-uncategorized-267,Uncategorized,,needs_visual_review,davg-uncategorized-267-400w.webp,davg-uncategorized-267-800w.webp,davg-uncategorized-267-1600w.webp
PJ2-3BRL-TMN-A02.jpg,/1 - Astro DAVG.ai/3 - Website Images/PJ2-3BRL-TMN-A02.jpg,davg-uncategorized-269,Uncategorized,,needs_visual_review,davg-uncategorized-269-400w.webp,davg-uncategorized-269-800w.webp,davg-uncategorized-269-1600w.webp
SB-S-75-4K-BL-1Z.jpg,/1 - Astro DAVG.ai/3 - Website Images/SB-S-75-4K-BL-1Z.jpg,davg-uncategorized-274,Uncategorized,,needs_visual_review,davg-uncategorized-274-400w.webp,davg-uncategorized-274-800w.webp,davg-uncategorized-274-1600w.webp
IMG_1108.HEIC,/1 - Astro DAVG.ai/3 - Website Images/IMG_1108.HEIC,davg-uncategorized-276,Uncategorized,,needs_visual_review,davg-uncategorized-276-400w.webp,davg-uncategorized-276-800w.webp,davg-uncategorized-276-1600w.webp
IMG_2041.JPG,/1 - Astro DAVG.ai/3 - Website Images/IMG_2041.JPG,davg-uncategorized-271,Uncategorized,,needs_visual_review,davg-uncategorized-271-400w.webp,davg-uncategorized-271-800w.webp,davg-uncategorized-271-1600w.webp
Generated image 1 (9).png,/1 - Astro DAVG.ai/3 - Website Images/Generated image 1 (9).png,davg-uncategorized-259,Uncategorized,,needs_visual_review,davg-uncategorized-259-400w.webp,davg-uncategorized-259-800w.webp,davg-uncategorized-259-1600w.webp
Kit_Atelier_Sivoia QS_Satine_SteelSH_pre ang.png,/1 - Astro DAVG.ai/3 - Website Images/Kit_Atelier_Sivoia QS_Satine_SteelSH_pre ang.png,davg-uncategorized-257,Uncategorized,,needs_visual_review,davg-uncategorized-257-400w.webp,davg-uncategorized-257-800w.webp,davg-uncategorized-257-1600w.webp
Daisy_22.jpg,/1 - Astro DAVG.ai/3 - Website Images/Daisy_22.jpg,davg-uncategorized-266,Uncategorized,,needs_visual_review,davg-uncategorized-266-400w.webp,davg-uncategorized-266-800w.webp,davg-uncategorized-266-1600w.webp
IMG_3219.jpeg,/1 - Astro DAVG.ai/3 - Website Images/IMG_3219.jpeg,davg-uncategorized-262,Uncategorized,,needs_visual_review,davg-uncategorized-262-400w.webp,davg-uncategorized-262-800w.webp,davg-uncategorized-262-1600w.webp
Outdoor-2024-Luma-6.jpg,/1 - Astro DAVG.ai/3 - Website Images/Outdoor-2024-Luma-6.jpg,davg-outdoor-living-007,Outdoor Living,,keep_auto,davg-outdoor-living-007-400w.webp,davg-outdoor-living-007-800w.webp,davg-outdoor-living-007-1600w.webp
TD_Core5_Rack_Front.jpg,/1 - Astro DAVG.ai/3 - Website Images/TD_Core5_Rack_Front.jpg,davg-equipment-room-005,Equipment Room,,keep_auto,davg-equipment-room-005-400w.webp,davg-equipment-room-005-800w.webp,davg-equipment-room-005-1600w.webp
X4_Highland36.jpg,/1 - Astro DAVG.ai/3 - Website Images/X4_Highland36.jpg,davg-uncategorized-258,Uncategorized,,needs_visual_review,davg-uncategorized-258-400w.webp,davg-uncategorized-258-800w.webp,davg-uncategorized-258-1600w.webp
ES-ECS-AW-Installed.jpg,/1 - Astro DAVG.ai/3 - Website Images/ES-ECS-AW-Installed.jpg,davg-uncategorized-260,Uncategorized,,needs_visual_review,davg-uncategorized-260-400w.webp,davg-uncategorized-260-800w.webp,davg-uncategorized-260-1600w.webp
Avalon-Beach-Exclusive-Brands-23.jpg,/1 - Astro DAVG.ai/3 - Website Images/Avalon-Beach-Exclusive-Brands-23.jpg,davg-avalon-021,Product / Brand Asset,Avalon,keep_auto,davg-avalon-021-400w.webp,davg-avalon-021-800w.webp,davg-avalon-021-1600w.webp
Toku-Miami-1.jpg,/1 - Astro DAVG.ai/3 - Website Images/Toku-Miami-1.jpg,davg-toku-002,Product / Brand Asset,Toku,keep_auto,davg-toku-002-400w.webp,davg-toku-002-800w.webp,davg-toku-002-1600w.webp
Avalon-Beach-Exclusive-Brands-35.jpg,/1 - Astro DAVG.ai/3 - Website Images/Avalon-Beach-Exclusive-Brands-35.jpg,davg-avalon-020,Product / Brand Asset,Avalon,keep_auto,davg-avalon-020-400w.webp,davg-avalon-020-800w.webp,davg-avalon-020-1600w.webp
Avalon-Beach-Exclusive-Brands-21.jpg,/1 - Astro DAVG.ai/3 - Website Images/Avalon-Beach-Exclusive-Brands-21.jpg,davg-avalon-019,Product / Brand Asset,Avalon,keep_auto,davg-avalon-019-400w.webp,davg-avalon-019-800w.webp,davg-avalon-019-1600w.webp
IMG_3239.jpeg,/1 - Astro DAVG.ai/3 - Website Images/IMG_3239.jpeg,davg-uncategorized-272,Uncategorized,,needs_visual_review,davg-uncategorized-272-400w.webp,davg-uncategorized-272-800w.webp,davg-uncategorized-272-1600w.webp
IMG_3130.jpeg,/1 - Astro DAVG.ai/3 - Website Images/IMG_3130.jpeg,davg-uncategorized-263,Uncategorized,,needs_visual_review,davg-uncategorized-263-400w.webp,davg-uncategorized-263-800w.webp,davg-uncategorized-263-1600w.webp
IMG_2087.JPG,/1 - Astro DAVG.ai/3 - Website Images/IMG_2087.JPG,davg-uncategorized-277,Uncategorized,,needs_visual_review,davg-uncategorized-277-400w.webp,davg-uncategorized-277-800w.webp,davg-uncategorized-277-1600w.webp
IMG_2062.PNG,/1 - Astro DAVG.ai/3 - Website Images/IMG_2062.PNG,davg-uncategorized-295,Uncategorized,,needs_visual_review,davg-uncategorized-295-400w.webp,davg-uncategorized-295-800w.webp,davg-uncategorized-295-1600w.webp
"Photo May 31 2026, 8 51 03 AM (11).jpeg","/1 - Astro DAVG.ai/3 - Website Images/Photo May 31 2026, 8 51 03 AM (11).jpeg",davg-uncategorized-287,Uncategorized,,needs_visual_review,davg-uncategorized-287-400w.webp,davg-uncategorized-287-800w.webp,davg-uncategorized-287-1600w.webp
"Photo May 31 2026, 5 31 34 AM (1).png","/1 - Astro DAVG.ai/3 - Website Images/Photo May 31 2026, 5 31 34 AM (1).png",davg-uncategorized-284,Uncategorized,,needs_visual_review,davg-uncategorized-284-400w.webp,davg-uncategorized-284-800w.webp,davg-uncategorized-284-1600w.webp
"Photo Jun 07 2026, 9 59 15 PM (13) (1).jpg","/1 - Astro DAVG.ai/3 - Website Images/Photo Jun 07 2026, 9 59 15 PM (13) (1).jpg",davg-uncategorized-291,Uncategorized,,needs_visual_review,davg-uncategorized-291-400w.webp,davg-uncategorized-291-800w.webp,davg-uncategorized-291-1600w.webp
Ext_Prv Res_Orlando CH_Back of House.jpg,/1 - Astro DAVG.ai/3 - Website Images/Ext_Prv Res_Orlando CH_Back of House.jpg,davg-uncategorized-293,Uncategorized,,needs_visual_review,davg-uncategorized-293-400w.webp,davg-uncategorized-293-800w.webp,davg-uncategorized-293-1600w.webp
"Photo May 17 2026, 1 08 49 AM.jpg","/1 - Astro DAVG.ai/3 - Website Images/Photo May 17 2026, 1 08 49 AM.jpg",davg-uncategorized-288,Uncategorized,,needs_visual_review,davg-uncategorized-288-400w.webp,davg-uncategorized-288-800w.webp,davg-uncategorized-288-1600w.webp
Kit_NY Loft_Counter_Shades Preset.jpg,/1 - Astro DAVG.ai/3 - Website Images/Kit_NY Loft_Counter_Shades Preset.jpg,davg-uncategorized-282,Uncategorized,,needs_visual_review,davg-uncategorized-282-400w.webp,davg-uncategorized-282-800w.webp,davg-uncategorized-282-1600w.webp
BedRm_Atelier_Triathlon_Satine_WhiteBO_det bedside dual WH 4B keypads.jpg,/1 - Astro DAVG.ai/3 - Website Images/BedRm_Atelier_Triathlon_Satine_WhiteBO_det bedside dual WH 4B keypads.jpg,davg-bedroom-012,Bedroom,,keep_auto,davg-bedroom-012-400w.webp,davg-bedroom-012-800w.webp,davg-bedroom-012-1600w.webp
Generated image 1 (5).png,/1 - Astro DAVG.ai/3 - Website Images/Generated image 1 (5).png,davg-uncategorized-292,Uncategorized,,needs_visual_review,davg-uncategorized-292-400w.webp,davg-uncategorized-292-800w.webp,davg-uncategorized-292-1600w.webp
Snap wide.png,/1 - Astro DAVG.ai/3 - Website Images/Snap wide.png,davg-uncategorized-278,Uncategorized,,needs_visual_review,davg-uncategorized-278-400w.webp,davg-uncategorized-278-800w.webp,davg-uncategorized-278-1600w.webp
application_hero_image_rf-msc-6_1.jpg,/1 - Astro DAVG.ai/3 - Website Images/application_hero_image_rf-msc-6_1.jpg,davg-uncategorized-283,Uncategorized,,needs_visual_review,davg-uncategorized-283-400w.webp,davg-uncategorized-283-800w.webp,davg-uncategorized-283-1600w.webp
IMG_2063.jpg,/1 - Astro DAVG.ai/3 - Website Images/IMG_2063.jpg,davg-uncategorized-286,Uncategorized,,needs_visual_review,davg-uncategorized-286-400w.webp,davg-uncategorized-286-800w.webp,davg-uncategorized-286-1600w.webp
Kit_NY Loft_Counter_Shades Preset.png,/1 - Astro DAVG.ai/3 - Website Images/Kit_NY Loft_Counter_Shades Preset.png,davg-uncategorized-279,Uncategorized,,needs_visual_review,davg-uncategorized-279-400w.webp,davg-uncategorized-279-800w.webp,davg-uncategorized-279-1600w.webp
Screenshot 2026-05-28 175031.png,/1 - Astro DAVG.ai/3 - Website Images/Screenshot 2026-05-28 175031.png,davg-uncategorized-280,Uncategorized,,needs_visual_review,davg-uncategorized-280-400w.webp,davg-uncategorized-280-800w.webp,davg-uncategorized-280-1600w.webp
IMG_9083.HEIC,/1 - Astro DAVG.ai/3 - Website Images/IMG_9083.HEIC,davg-uncategorized-285,Uncategorized,,needs_visual_review,davg-uncategorized-285-400w.webp,davg-uncategorized-285-800w.webp,davg-uncategorized-285-1600w.webp
BedRm_Atelier_Triathlon_Satine_WhiteBO_det bedside dual WH 4B keypads.png,/1 - Astro DAVG.ai/3 - Website Images/BedRm_Atelier_Triathlon_Satine_WhiteBO_det bedside dual WH 4B keypads.png,davg-bedroom-011,Bedroom,,keep_auto,davg-bedroom-011-400w.webp,davg-bedroom-011-800w.webp,davg-bedroom-011-1600w.webp
FullSizeRender (5).HEIC,/1 - Astro DAVG.ai/3 - Website Images/FullSizeRender (5).HEIC,davg-uncategorized-289,Uncategorized,,needs_visual_review,davg-uncategorized-289-400w.webp,davg-uncategorized-289-800w.webp,davg-uncategorized-289-1600w.webp
SB-Signature-Commercial.jpg,/1 - Astro DAVG.ai/3 - Website Images/SB-Signature-Commercial.jpg,davg-uncategorized-290,Uncategorized,,needs_visual_review,davg-uncategorized-290-400w.webp,davg-uncategorized-290-800w.webp,davg-uncategorized-290-1600w.webp
Episode-Terrain-HR-19.jpg,/1 - Astro DAVG.ai/3 - Website Images/Episode-Terrain-HR-19.jpg,davg-episode-002,Product / Brand Asset,Episode,keep_auto,davg-episode-002-400w.webp,davg-episode-002-800w.webp,davg-episode-002-1600w.webp
Luma-X20-Residential-Install-47.jpg,/1 - Astro DAVG.ai/3 - Website Images/Luma-X20-Residential-Install-47.jpg,davg-uncategorized-281,Uncategorized,,needs_visual_review,davg-uncategorized-281-400w.webp,davg-uncategorized-281-800w.webp,davg-uncategorized-281-1600w.webp
Toku-Miami-3.jpg,/1 - Astro DAVG.ai/3 - Website Images/Toku-Miami-3.jpg,davg-toku-003,Product / Brand Asset,Toku,keep_auto,davg-toku-003-400w.webp,davg-toku-003-800w.webp,davg-toku-003-1600w.webp
SB-V-1.jpg,/1 - Astro DAVG.ai/3 - Website Images/SB-V-1.jpg,davg-uncategorized-294,Uncategorized,,needs_visual_review,davg-uncategorized-294-400w.webp,davg-uncategorized-294-800w.webp,davg-uncategorized-294-1600w.webp
CORE_RackMountWall.jpg,/1 - Astro DAVG.ai/3 - Website Images/CORE_RackMountWall.jpg,davg-equipment-room-006,Equipment Room,,keep_auto,davg-equipment-room-006-400w.webp,davg-equipment-room-006-800w.webp,davg-equipment-room-006-1600w.webp
Avalon-Beach-Exclusive-Brands-1.jpg,/1 - Astro DAVG.ai/3 - Website Images/Avalon-Beach-Exclusive-Brands-1.jpg,davg-avalon-022,Product / Brand Asset,Avalon,keep_auto,davg-avalon-022-400w.webp,davg-avalon-022-800w.webp,davg-avalon-022-1600w.webp
"Photo May 31 2026, 8 51 03 AM (17) (1).jpeg","/1 - Astro DAVG.ai/3 - Website Images/Photo May 31 2026, 8 51 03 AM (17) (1).jpeg",davg-uncategorized-306,Uncategorized,,needs_visual_review,davg-uncategorized-306-400w.webp,davg-uncategorized-306-800w.webp,davg-uncategorized-306-1600w.webp
"Photo May 31 2026, 5 31 34 AM (14).jpeg","/1 - Astro DAVG.ai/3 - Website Images/Photo May 31 2026, 5 31 34 AM (14).jpeg",davg-uncategorized-304,Uncategorized,,needs_visual_review,davg-uncategorized-304-400w.webp,davg-uncategorized-304-800w.webp,davg-uncategorized-304-1600w.webp
C4Yourself-EmailBannersBring Home To Life.jpg,/1 - Astro DAVG.ai/3 - Website Images/C4Yourself-EmailBannersBring Home To Life.jpg,davg-uncategorized-309,Uncategorized,,needs_visual_review,davg-uncategorized-309-400w.webp,davg-uncategorized-309-800w.webp,davg-uncategorized-309-1600w.webp
"Photo May 31 2026, 5 31 33 AM (14).jpg","/1 - Astro DAVG.ai/3 - Website Images/Photo May 31 2026, 5 31 33 AM (14).jpg",davg-uncategorized-297,Uncategorized,,needs_visual_review,davg-uncategorized-297-400w.webp,davg-uncategorized-297-800w.webp,davg-uncategorized-297-1600w.webp
IMG_2091.JPG,/1 - Astro DAVG.ai/3 - Website Images/IMG_2091.JPG,davg-uncategorized-314,Uncategorized,,needs_visual_review,davg-uncategorized-314-400w.webp,davg-uncategorized-314-800w.webp,davg-uncategorized-314-1600w.webp
PJ2-4B-GWH-P01_Family Room_Pedestal_Left.jpg,/1 - Astro DAVG.ai/3 - Website Images/PJ2-4B-GWH-P01_Family Room_Pedestal_Left.jpg,davg-uncategorized-311,Uncategorized,,needs_visual_review,davg-uncategorized-311-400w.webp,davg-uncategorized-311-800w.webp,davg-uncategorized-311-1600w.webp
"Photo May 31 2026, 8 51 03 AM (12).jpg","/1 - Astro DAVG.ai/3 - Website Images/Photo May 31 2026, 8 51 03 AM (12).jpg",davg-uncategorized-296,Uncategorized,,needs_visual_review,davg-uncategorized-296-400w.webp,davg-uncategorized-296-800w.webp,davg-uncategorized-296-1600w.webp
Kit_Resi Agnostic 19_Farm_PM_Angle_Roller_Preset.jpg,/1 - Astro DAVG.ai/3 - Website Images/Kit_Resi Agnostic 19_Farm_PM_Angle_Roller_Preset.jpg,davg-uncategorized-307,Uncategorized,,needs_visual_review,davg-uncategorized-307-400w.webp,davg-uncategorized-307-800w.webp,davg-uncategorized-307-1600w.webp
GT-150-BL_Prv Res_Orlando CH_Nook in Background_1.jpg,/1 - Astro DAVG.ai/3 - Website Images/GT-150-BL_Prv Res_Orlando CH_Nook in Background_1.jpg,davg-uncategorized-301,Uncategorized,,needs_visual_review,davg-uncategorized-301-400w.webp,davg-uncategorized-301-800w.webp,davg-uncategorized-301-1600w.webp
application_hero_image_90af-1-oy_1.jpg,/1 - Astro DAVG.ai/3 - Website Images/application_hero_image_90af-1-oy_1.jpg,davg-uncategorized-302,Uncategorized,,needs_visual_review,davg-uncategorized-302-400w.webp,davg-uncategorized-302-800w.webp,davg-uncategorized-302-1600w.webp
"Photo May 31 2026, 8 51 03 AM (6).jpg","/1 - Astro DAVG.ai/3 - Website Images/Photo May 31 2026, 8 51 03 AM (6).jpg",davg-uncategorized-308,Uncategorized,,needs_visual_review,davg-uncategorized-308-400w.webp,davg-uncategorized-308-800w.webp,davg-uncategorized-308-1600w.webp
"Photo May 31 2026, 5 31 33 AM (17) (1).jpg","/1 - Astro DAVG.ai/3 - Website Images/Photo May 31 2026, 5 31 33 AM (17) (1).jpg",davg-uncategorized-298,Uncategorized,,needs_visual_review,davg-uncategorized-298-400w.webp,davg-uncategorized-298-800w.webp,davg-uncategorized-298-1600w.webp
"Photo May 31 2026, 8 51 03 AM (19) (1).jpg","/1 - Astro DAVG.ai/3 - Website Images/Photo May 31 2026, 8 51 03 AM (19) (1).jpg",davg-uncategorized-305,Uncategorized,,needs_visual_review,davg-uncategorized-305-400w.webp,davg-uncategorized-305-800w.webp,davg-uncategorized-305-1600w.webp
Outdoor-2024-Halo_1.8.1.jpg,/1 - Astro DAVG.ai/3 - Website Images/Outdoor-2024-Halo_1.8.1.jpg,davg-outdoor-living-008,Outdoor Living,,keep_auto,davg-outdoor-living-008-400w.webp,davg-outdoor-living-008-800w.webp,davg-outdoor-living-008-1600w.webp
"Photo Jun 07 2026, 9 59 15 PM (20).jpg","/1 - Astro DAVG.ai/3 - Website Images/Photo Jun 07 2026, 9 59 15 PM (20).jpg",davg-uncategorized-299,Uncategorized,,needs_visual_review,davg-uncategorized-299-400w.webp,davg-uncategorized-299-800w.webp,davg-uncategorized-299-1600w.webp
PJ2-3BRL-GWH-L01_ShinyFall19_Black Gold Tile.jpg,/1 - Astro DAVG.ai/3 - Website Images/PJ2-3BRL-GWH-L01_ShinyFall19_Black Gold Tile.jpg,davg-uncategorized-300,Uncategorized,,needs_visual_review,davg-uncategorized-300-400w.webp,davg-uncategorized-300-800w.webp,davg-uncategorized-300-1600w.webp
Kit_Resi Agnostic 19_Farm_PM_Angle_Roller_Preset.png,/1 - Astro DAVG.ai/3 - Website Images/Kit_Resi Agnostic 19_Farm_PM_Angle_Roller_Preset.png,davg-uncategorized-312,Uncategorized,,needs_visual_review,davg-uncategorized-312-400w.webp,davg-uncategorized-312-800w.webp,davg-uncategorized-312-1600w.webp
Georgia Home Theater Works terrace v2.jpg,/1 - Astro DAVG.ai/3 - Website Images/Georgia Home Theater Works terrace v2.jpg,davg-home-theater-002,Home Theater,,keep_auto,davg-home-theater-002-400w.webp,davg-home-theater-002-800w.webp,davg-home-theater-002-1600w.webp
FullSizeRender (9).HEIC,/1 - Astro DAVG.ai/3 - Website Images/FullSizeRender (9).HEIC,davg-uncategorized-313,Uncategorized,,needs_visual_review,davg-uncategorized-313-400w.webp,davg-uncategorized-313-800w.webp,davg-uncategorized-313-1600w.webp
PDX_Callouts-Demi_Left2.jpg,/1 - Astro DAVG.ai/3 - Website Images/PDX_Callouts-Demi_Left2.jpg,davg-uncategorized-310,Uncategorized,,needs_visual_review,davg-uncategorized-310-400w.webp,davg-uncategorized-310-800w.webp,davg-uncategorized-310-1600w.webp
HaloLifestyle_Alpine-5.jpg,/1 - Astro DAVG.ai/3 - Website Images/HaloLifestyle_Alpine-5.jpg,davg-uncategorized-303,Uncategorized,,needs_visual_review,davg-uncategorized-303-400w.webp,davg-uncategorized-303-800w.webp,davg-uncategorized-303-1600w.webp
Avalon-Beach-Exclusive-Brands-22.jpg,/1 - Astro DAVG.ai/3 - Website Images/Avalon-Beach-Exclusive-Brands-22.jpg,davg-avalon-025,Product / Brand Asset,Avalon,keep_auto,davg-avalon-025-400w.webp,davg-avalon-025-800w.webp,davg-avalon-025-1600w.webp
Avalon-Beach-Exclusive-Brands-36.jpg,/1 - Astro DAVG.ai/3 - Website Images/Avalon-Beach-Exclusive-Brands-36.jpg,davg-avalon-024,Product / Brand Asset,Avalon,keep_auto,davg-avalon-024-400w.webp,davg-avalon-024-800w.webp,davg-avalon-024-1600w.webp
Avalon-Beach-Exclusive-Brands-23 (1).jpg,/1 - Astro DAVG.ai/3 - Website Images/Avalon-Beach-Exclusive-Brands-23 (1).jpg,davg-avalon-023,Product / Brand Asset,Avalon,keep_auto,davg-avalon-023-400w.webp,davg-avalon-023-800w.webp,davg-avalon-023-1600w.webp
Avalon-Beach-Exclusive-Brands-13.jpg,/1 - Astro DAVG.ai/3 - Website Images/Avalon-Beach-Exclusive-Brands-13.jpg,davg-avalon-026,Product / Brand Asset,Avalon,keep_auto,davg-avalon-026-400w.webp,davg-avalon-026-800w.webp,davg-avalon-026-1600w.webp
"Photo May 31 2026, 8 51 03 AM (7).jpg","/1 - Astro DAVG.ai/3 - Website Images/Photo May 31 2026, 8 51 03 AM (7).jpg",davg-uncategorized-338,Uncategorized,,needs_visual_review,davg-uncategorized-338-400w.webp,davg-uncategorized-338-800w.webp,davg-uncategorized-338-1600w.webp
"Photo May 31 2026, 5 31 34 AM (7).jpeg","/1 - Astro DAVG.ai/3 - Website Images/Photo May 31 2026, 5 31 34 AM (7).jpeg",davg-uncategorized-335,Uncategorized,,needs_visual_review,davg-uncategorized-335-400w.webp,davg-uncategorized-335-800w.webp,davg-uncategorized-335-1600w.webp
Smart Home tv keypad.jpg,/1 - Astro DAVG.ai/3 - Website Images/Smart Home tv keypad.jpg,davg-uncategorized-315,Uncategorized,,needs_visual_review,davg-uncategorized-315-400w.webp,davg-uncategorized-315-800w.webp,davg-uncategorized-315-1600w.webp
IMG_2053.JPG,/1 - Astro DAVG.ai/3 - Website Images/IMG_2053.JPG,davg-uncategorized-324,Uncategorized,,needs_visual_review,davg-uncategorized-324-400w.webp,davg-uncategorized-324-800w.webp,davg-uncategorized-324-1600w.webp
"Photo Jun 07 2026, 9 59 15 PM.jpg","/1 - Astro DAVG.ai/3 - Website Images/Photo Jun 07 2026, 9 59 15 PM.jpg",davg-uncategorized-330,Uncategorized,,needs_visual_review,davg-uncategorized-330-400w.webp,davg-uncategorized-330-800w.webp,davg-uncategorized-330-1600w.webp
"Photo May 17 2026, 12 56 56 AM.jpg","/1 - Astro DAVG.ai/3 - Website Images/Photo May 17 2026, 12 56 56 AM.jpg",davg-uncategorized-319,Uncategorized,,needs_visual_review,davg-uncategorized-319-400w.webp,davg-uncategorized-319-800w.webp,davg-uncategorized-319-1600w.webp
SunBrite-Signature-2.jpg,/1 - Astro DAVG.ai/3 - Website Images/SunBrite-Signature-2.jpg,davg-snapav-004,Product / Brand Asset,SnapAV,keep_auto,davg-snapav-004-400w.webp,davg-snapav-004-800w.webp,davg-snapav-004-1600w.webp
"Photo May 17 2026, 12 59 34 AM.jpg","/1 - Astro DAVG.ai/3 - Website Images/Photo May 17 2026, 12 59 34 AM.jpg",davg-uncategorized-320,Uncategorized,,needs_visual_review,davg-uncategorized-320-400w.webp,davg-uncategorized-320-800w.webp,davg-uncategorized-320-1600w.webp
"Photo May 17 2026, 1 00 38 AM.jpg","/1 - Astro DAVG.ai/3 - Website Images/Photo May 17 2026, 1 00 38 AM.jpg",davg-uncategorized-328,Uncategorized,,needs_visual_review,davg-uncategorized-328-400w.webp,davg-uncategorized-328-800w.webp,davg-uncategorized-328-1600w.webp
SB-S2-75-4K-BL-1Z.jpg,/1 - Astro DAVG.ai/3 - Website Images/SB-S2-75-4K-BL-1Z.jpg,davg-uncategorized-332,Uncategorized,,needs_visual_review,davg-uncategorized-332-400w.webp,davg-uncategorized-332-800w.webp,davg-uncategorized-332-1600w.webp
IMG_2090.JPG,/1 - Astro DAVG.ai/3 - Website Images/IMG_2090.JPG,davg-uncategorized-318,Uncategorized,,needs_visual_review,davg-uncategorized-318-400w.webp,davg-uncategorized-318-800w.webp,davg-uncategorized-318-1600w.webp
"Photo May 17 2026, 1 08 15 AM.jpg","/1 - Astro DAVG.ai/3 - Website Images/Photo May 17 2026, 1 08 15 AM.jpg",davg-uncategorized-325,Uncategorized,,needs_visual_review,davg-uncategorized-325-400w.webp,davg-uncategorized-325-800w.webp,davg-uncategorized-325-1600w.webp
"Photo May 31 2026, 5 28 56 AM (9).jpg","/1 - Astro DAVG.ai/3 - Website Images/Photo May 31 2026, 5 28 56 AM (9).jpg",davg-uncategorized-333,Uncategorized,,needs_visual_review,davg-uncategorized-333-400w.webp,davg-uncategorized-333-800w.webp,davg-uncategorized-333-1600w.webp
Generated image 1 (6).png,/1 - Astro DAVG.ai/3 - Website Images/Generated image 1 (6).png,davg-uncategorized-329,Uncategorized,,needs_visual_review,davg-uncategorized-329-400w.webp,davg-uncategorized-329-800w.webp,davg-uncategorized-329-1600w.webp
IMG_9669.HEIC,/1 - Astro DAVG.ai/3 - Website Images/IMG_9669.HEIC,davg-uncategorized-336,Uncategorized,,needs_visual_review,davg-uncategorized-336-400w.webp,davg-uncategorized-336-800w.webp,davg-uncategorized-336-1600w.webp
application_hero_image_lf-sl-wh-v_1.jpg,/1 - Astro DAVG.ai/3 - Website Images/application_hero_image_lf-sl-wh-v_1.jpg,davg-uncategorized-337,Uncategorized,,needs_visual_review,davg-uncategorized-337-400w.webp,davg-uncategorized-337-800w.webp,davg-uncategorized-337-1600w.webp
"Photo Jun 07 2026, 9 59 15 PM.png","/1 - Astro DAVG.ai/3 - Website Images/Photo Jun 07 2026, 9 59 15 PM.png",davg-uncategorized-327,Uncategorized,,needs_visual_review,davg-uncategorized-327-400w.webp,davg-uncategorized-327-800w.webp,davg-uncategorized-327-1600w.webp
Windows_NY Loft_Vertical_Shades Closed.png,/1 - Astro DAVG.ai/3 - Website Images/Windows_NY Loft_Vertical_Shades Closed.png,davg-uncategorized-322,Uncategorized,,needs_visual_review,davg-uncategorized-322-400w.webp,davg-uncategorized-322-800w.webp,davg-uncategorized-322-1600w.webp
IMG_8193.HEIC,/1 - Astro DAVG.ai/3 - Website Images/IMG_8193.HEIC,davg-uncategorized-326,Uncategorized,,needs_visual_review,davg-uncategorized-326-400w.webp,davg-uncategorized-326-800w.webp,davg-uncategorized-326-1600w.webp
X4_Highland39.jpg,/1 - Astro DAVG.ai/3 - Website Images/X4_Highland39.jpg,davg-uncategorized-334,Uncategorized,,needs_visual_review,davg-uncategorized-334-400w.webp,davg-uncategorized-334-800w.webp,davg-uncategorized-334-1600w.webp
"Photo Jun 07 2026, 9 59 15 PM (19).jpg","/1 - Astro DAVG.ai/3 - Website Images/Photo Jun 07 2026, 9 59 15 PM (19).jpg",davg-uncategorized-316,Uncategorized,,needs_visual_review,davg-uncategorized-316-400w.webp,davg-uncategorized-316-800w.webp,davg-uncategorized-316-1600w.webp
IMG_0537.HEIC,/1 - Astro DAVG.ai/3 - Website Images/IMG_0537.HEIC,davg-uncategorized-321,Uncategorized,,needs_visual_review,davg-uncategorized-321-400w.webp,davg-uncategorized-321-800w.webp,davg-uncategorized-321-1600w.webp
IMG_1849.HEIC,/1 - Astro DAVG.ai/3 - Website Images/IMG_1849.HEIC,davg-uncategorized-323,Uncategorized,,needs_visual_review,davg-uncategorized-323-400w.webp,davg-uncategorized-323-800w.webp,davg-uncategorized-323-1600w.webp
Denver-Penthouse_Case-Study-27.jpg,/1 - Astro DAVG.ai/3 - Website Images/Denver-Penthouse_Case-Study-27.jpg,davg-uncategorized-331,Uncategorized,,needs_visual_review,davg-uncategorized-331-400w.webp,davg-uncategorized-331-800w.webp,davg-uncategorized-331-1600w.webp
IMG_3105.jpeg,/1 - Astro DAVG.ai/3 - Website Images/IMG_3105.jpeg,davg-uncategorized-317,Uncategorized,,needs_visual_review,davg-uncategorized-317-400w.webp,davg-uncategorized-317-800w.webp,davg-uncategorized-317-1600w.webp
"Photo May 31 2026, 5 31 34 AM (5).jpeg","/1 - Astro DAVG.ai/3 - Website Images/Photo May 31 2026, 5 31 34 AM (5).jpeg",davg-uncategorized-357,Uncategorized,,needs_visual_review,davg-uncategorized-357-400w.webp,davg-uncategorized-357-800w.webp,davg-uncategorized-357-1600w.webp
IMG_2057.JPG,/1 - Astro DAVG.ai/3 - Website Images/IMG_2057.JPG,davg-uncategorized-354,Uncategorized,,needs_visual_review,davg-uncategorized-354-400w.webp,davg-uncategorized-354-800w.webp,davg-uncategorized-354-1600w.webp
IMG_2045.JPG,/1 - Astro DAVG.ai/3 - Website Images/IMG_2045.JPG,davg-uncategorized-342,Uncategorized,,needs_visual_review,davg-uncategorized-342-400w.webp,davg-uncategorized-342-800w.webp,davg-uncategorized-342-1600w.webp
"Photo May 31 2026, 5 31 33 AM (17).jpg","/1 - Astro DAVG.ai/3 - Website Images/Photo May 31 2026, 5 31 33 AM (17).jpg",davg-uncategorized-339,Uncategorized,,needs_visual_review,davg-uncategorized-339-400w.webp,davg-uncategorized-339-800w.webp,davg-uncategorized-339-1600w.webp
"Photo May 31 2026, 8 51 03 AM (3) (1).png","/1 - Astro DAVG.ai/3 - Website Images/Photo May 31 2026, 8 51 03 AM (3) (1).png",davg-uncategorized-341,Uncategorized,,needs_visual_review,davg-uncategorized-341-400w.webp,davg-uncategorized-341-800w.webp,davg-uncategorized-341-1600w.webp
IMG_2042.JPG,/1 - Astro DAVG.ai/3 - Website Images/IMG_2042.JPG,davg-uncategorized-347,Uncategorized,,needs_visual_review,davg-uncategorized-347-400w.webp,davg-uncategorized-347-800w.webp,davg-uncategorized-347-1600w.webp
"Photo May 17 2026, 12 56 11 AM.jpg","/1 - Astro DAVG.ai/3 - Website Images/Photo May 17 2026, 12 56 11 AM.jpg",davg-uncategorized-340,Uncategorized,,needs_visual_review,davg-uncategorized-340-400w.webp,davg-uncategorized-340-800w.webp,davg-uncategorized-340-1600w.webp
LS0 Lightbar Slim_on Marble.jpg,/1 - Astro DAVG.ai/3 - Website Images/LS0 Lightbar Slim_on Marble.jpg,davg-uncategorized-356,Uncategorized,,needs_visual_review,davg-uncategorized-356-400w.webp,davg-uncategorized-356-800w.webp,davg-uncategorized-356-1600w.webp
"Photo Mar 17 2026, 3 47 54 PM.jpg","/1 - Astro DAVG.ai/3 - Website Images/Photo Mar 17 2026, 3 47 54 PM.jpg",davg-uncategorized-343,Uncategorized,,needs_visual_review,davg-uncategorized-343-400w.webp,davg-uncategorized-343-800w.webp,davg-uncategorized-343-1600w.webp
DF-TB-XX-UW-1Z.jpg,/1 - Astro DAVG.ai/3 - Website Images/DF-TB-XX-UW-1Z.jpg,davg-uncategorized-349,Uncategorized,,needs_visual_review,davg-uncategorized-349-400w.webp,davg-uncategorized-349-800w.webp,davg-uncategorized-349-1600w.webp
Kit_Prv Res_Orlando CH_With Palladiom2_layers-Recovered.jpg,/1 - Astro DAVG.ai/3 - Website Images/Kit_Prv Res_Orlando CH_With Palladiom2_layers-Recovered.jpg,davg-uncategorized-346,Uncategorized,,needs_visual_review,davg-uncategorized-346-400w.webp,davg-uncategorized-346-800w.webp,davg-uncategorized-346-1600w.webp
"Photo Mar 09 2026, 7 17 03 PM.jpg","/1 - Astro DAVG.ai/3 - Website Images/Photo Mar 09 2026, 7 17 03 PM.jpg",davg-uncategorized-350,Uncategorized,,needs_visual_review,davg-uncategorized-350-400w.webp,davg-uncategorized-350-800w.webp,davg-uncategorized-350-1600w.webp
"Photo May 31 2026, 8 51 03 AM (2) (1).jpg","/1 - Astro DAVG.ai/3 - Website Images/Photo May 31 2026, 8 51 03 AM (2) (1).jpg",davg-uncategorized-344,Uncategorized,,needs_visual_review,davg-uncategorized-344-400w.webp,davg-uncategorized-344-800w.webp,davg-uncategorized-344-1600w.webp
BedRm_Atelier_Triathlon_Satine_WhiteBO_closed ang.png,/1 - Astro DAVG.ai/3 - Website Images/BedRm_Atelier_Triathlon_Satine_WhiteBO_closed ang.png,davg-bedroom-013,Bedroom,,keep_auto,davg-bedroom-013-400w.webp,davg-bedroom-013-800w.webp,davg-bedroom-013-1600w.webp
Bath_Atelier_Palladiom_Matrice_SharkBO_det1 roller SN bracket.jpg,/1 - Astro DAVG.ai/3 - Website Images/Bath_Atelier_Palladiom_Matrice_SharkBO_det1 roller SN bracket.jpg,davg-bathroom-003,Bathroom,,keep_auto,davg-bathroom-003-400w.webp,davg-bathroom-003-800w.webp,davg-bathroom-003-1600w.webp
Bath_Atelier_Palladiom_Matrice_SharkBO_det1 roller SN bracket.png,/1 - Astro DAVG.ai/3 - Website Images/Bath_Atelier_Palladiom_Matrice_SharkBO_det1 roller SN bracket.png,davg-bathroom-002,Bathroom,,keep_auto,davg-bathroom-002-400w.webp,davg-bathroom-002-800w.webp,davg-bathroom-002-1600w.webp
LifestyleSolis.jpg,/1 - Astro DAVG.ai/3 - Website Images/LifestyleSolis.jpg,davg-uncategorized-355,Uncategorized,,needs_visual_review,davg-uncategorized-355-400w.webp,davg-uncategorized-355-800w.webp,davg-uncategorized-355-1600w.webp
IMG_0595.HEIC,/1 - Astro DAVG.ai/3 - Website Images/IMG_0595.HEIC,davg-uncategorized-352,Uncategorized,,needs_visual_review,davg-uncategorized-352-400w.webp,davg-uncategorized-352-800w.webp,davg-uncategorized-352-1600w.webp
IMG_0203.HEIC,/1 - Astro DAVG.ai/3 - Website Images/IMG_0203.HEIC,davg-uncategorized-348,Uncategorized,,needs_visual_review,davg-uncategorized-348-400w.webp,davg-uncategorized-348-800w.webp,davg-uncategorized-348-1600w.webp
C4-VBTX45.jpg,/1 - Astro DAVG.ai/3 - Website Images/C4-VBTX45.jpg,davg-control4-012,Product / Brand Asset,Control4,keep_auto,davg-control4-012-400w.webp,davg-control4-012-800w.webp,davg-control4-012-1600w.webp
HaloLifestyle_Alpine-9.jpg,/1 - Astro DAVG.ai/3 - Website Images/HaloLifestyle_Alpine-9.jpg,davg-uncategorized-345,Uncategorized,,needs_visual_review,davg-uncategorized-345-400w.webp,davg-uncategorized-345-800w.webp,davg-uncategorized-345-1600w.webp
PDX_Callouts-Demi_Right_Low.jpg,/1 - Astro DAVG.ai/3 - Website Images/PDX_Callouts-Demi_Right_Low.jpg,davg-uncategorized-351,Uncategorized,,needs_visual_review,davg-uncategorized-351-400w.webp,davg-uncategorized-351-800w.webp,davg-uncategorized-351-1600w.webp
WB-820-2-VersaBox.jpg,/1 - Astro DAVG.ai/3 - Website Images/WB-820-2-VersaBox.jpg,davg-wattbox-004,Product / Brand Asset,WattBox,keep_auto,davg-wattbox-004-400w.webp,davg-wattbox-004-800w.webp,davg-wattbox-004-1600w.webp
OTOAllWeatherTV-22.jpg,/1 - Astro DAVG.ai/3 - Website Images/OTOAllWeatherTV-22.jpg,davg-uncategorized-353,Uncategorized,,needs_visual_review,davg-uncategorized-353-400w.webp,davg-uncategorized-353-800w.webp,davg-uncategorized-353-1600w.webp
Avalon-Beach-Exclusive-Brands-38.jpg,/1 - Astro DAVG.ai/3 - Website Images/Avalon-Beach-Exclusive-Brands-38.jpg,davg-avalon-027,Product / Brand Asset,Avalon,keep_auto,davg-avalon-027-400w.webp,davg-avalon-027-800w.webp,davg-avalon-027-1600w.webp
"Photo May 31 2026, 8 51 03 AM (9) (1).jpg","/1 - Astro DAVG.ai/3 - Website Images/Photo May 31 2026, 8 51 03 AM (9) (1).jpg",davg-uncategorized-369,Uncategorized,,needs_visual_review,davg-uncategorized-369-400w.webp,davg-uncategorized-369-800w.webp,davg-uncategorized-369-1600w.webp
"Photo May 31 2026, 8 51 03 AM (8) (1).jpg","/1 - Astro DAVG.ai/3 - Website Images/Photo May 31 2026, 8 51 03 AM (8) (1).jpg",davg-uncategorized-370,Uncategorized,,needs_visual_review,davg-uncategorized-370-400w.webp,davg-uncategorized-370-800w.webp,davg-uncategorized-370-1600w.webp
watt box front.jpg,/1 - Astro DAVG.ai/3 - Website Images/watt box front.jpg,davg-uncategorized-375,Uncategorized,,needs_visual_review,davg-uncategorized-375-400w.webp,davg-uncategorized-375-800w.webp,davg-uncategorized-375-1600w.webp
WB-800VPS-IPVM-12-3Z.jpg,/1 - Astro DAVG.ai/3 - Website Images/WB-800VPS-IPVM-12-3Z.jpg,davg-wattbox-005,Product / Brand Asset,WattBox,keep_auto,davg-wattbox-005-400w.webp,davg-wattbox-005-800w.webp,davg-wattbox-005-1600w.webp
IMG_2044.JPG,/1 - Astro DAVG.ai/3 - Website Images/IMG_2044.JPG,davg-uncategorized-361,Uncategorized,,needs_visual_review,davg-uncategorized-361-400w.webp,davg-uncategorized-361-800w.webp,davg-uncategorized-361-1600w.webp
IMG_2025.JPG,/1 - Astro DAVG.ai/3 - Website Images/IMG_2025.JPG,davg-uncategorized-360,Uncategorized,,needs_visual_review,davg-uncategorized-360-400w.webp,davg-uncategorized-360-800w.webp,davg-uncategorized-360-1600w.webp
IMG_2050.JPG,/1 - Astro DAVG.ai/3 - Website Images/IMG_2050.JPG,davg-uncategorized-362,Uncategorized,,needs_visual_review,davg-uncategorized-362-400w.webp,davg-uncategorized-362-800w.webp,davg-uncategorized-362-1600w.webp
"Photo Jun 07 2026, 9 59 15 PM (15).jpg","/1 - Astro DAVG.ai/3 - Website Images/Photo Jun 07 2026, 9 59 15 PM (15).jpg",davg-uncategorized-363,Uncategorized,,needs_visual_review,davg-uncategorized-363-400w.webp,davg-uncategorized-363-800w.webp,davg-uncategorized-363-1600w.webp
LivRm_Resi Agnostic 19_White_AM_Straight_Roller_Preset.jpg,/1 - Astro DAVG.ai/3 - Website Images/LivRm_Resi Agnostic 19_White_AM_Straight_Roller_Preset.jpg,davg-living-room-006,Living Room,,keep_auto,davg-living-room-006-400w.webp,davg-living-room-006-800w.webp,davg-living-room-006-1600w.webp
"Photo May 17 2026, 1 05 40 AM.jpg","/1 - Astro DAVG.ai/3 - Website Images/Photo May 17 2026, 1 05 40 AM.jpg",davg-uncategorized-368,Uncategorized,,needs_visual_review,davg-uncategorized-368-400w.webp,davg-uncategorized-368-800w.webp,davg-uncategorized-368-1600w.webp
Alisse_Drawing 1.jpg,/1 - Astro DAVG.ai/3 - Website Images/Alisse_Drawing 1.jpg,davg-uncategorized-359,Uncategorized,,needs_visual_review,davg-uncategorized-359-400w.webp,davg-uncategorized-359-800w.webp,davg-uncategorized-359-1600w.webp
"Photo May 17 2026, 1 11 31 AM.jpg","/1 - Astro DAVG.ai/3 - Website Images/Photo May 17 2026, 1 11 31 AM.jpg",davg-uncategorized-367,Uncategorized,,needs_visual_review,davg-uncategorized-367-400w.webp,davg-uncategorized-367-800w.webp,davg-uncategorized-367-1600w.webp
"Photo May 31 2026, 5 28 56 AM (5).jpg","/1 - Astro DAVG.ai/3 - Website Images/Photo May 31 2026, 5 28 56 AM (5).jpg",davg-uncategorized-371,Uncategorized,,needs_visual_review,davg-uncategorized-371-400w.webp,davg-uncategorized-371-800w.webp,davg-uncategorized-371-1600w.webp
"Photo May 31 2026, 5 31 33 AM.jpeg","/1 - Astro DAVG.ai/3 - Website Images/Photo May 31 2026, 5 31 33 AM.jpeg",davg-uncategorized-376,Uncategorized,,needs_visual_review,davg-uncategorized-376-400w.webp,davg-uncategorized-376-800w.webp,davg-uncategorized-376-1600w.webp
BedRm_Atelier_Triathlon_Matrice ChinchillaBO_det1 fascia.jpg,/1 - Astro DAVG.ai/3 - Website Images/BedRm_Atelier_Triathlon_Matrice ChinchillaBO_det1 fascia.jpg,davg-bedroom-014,Bedroom,,keep_auto,davg-bedroom-014-400w.webp,davg-bedroom-014-800w.webp,davg-bedroom-014-1600w.webp
Windows Closeup_NY Loft_Shades Preset_Vertical.png,/1 - Astro DAVG.ai/3 - Website Images/Windows Closeup_NY Loft_Shades Preset_Vertical.png,davg-uncategorized-373,Uncategorized,,needs_visual_review,davg-uncategorized-373-400w.webp,davg-uncategorized-373-800w.webp,davg-uncategorized-373-1600w.webp
IMG_3220.jpeg,/1 - Astro DAVG.ai/3 - Website Images/IMG_3220.jpeg,davg-uncategorized-358,Uncategorized,,needs_visual_review,davg-uncategorized-358-400w.webp,davg-uncategorized-358-800w.webp,davg-uncategorized-358-1600w.webp
BedRm_Atelier_Triathlon_Matrice ChinchillaBO_det1 fascia.png,/1 - Astro DAVG.ai/3 - Website Images/BedRm_Atelier_Triathlon_Matrice ChinchillaBO_det1 fascia.png,davg-bedroom-015,Bedroom,,keep_auto,davg-bedroom-015-400w.webp,davg-bedroom-015-800w.webp,davg-bedroom-015-1600w.webp
Denver-Penthouse_Case-Study-30.jpg,/1 - Astro DAVG.ai/3 - Website Images/Denver-Penthouse_Case-Study-30.jpg,davg-uncategorized-372,Uncategorized,,needs_visual_review,davg-uncategorized-372-400w.webp,davg-uncategorized-372-800w.webp,davg-uncategorized-372-1600w.webp
IMG_9059.HEIC,/1 - Astro DAVG.ai/3 - Website Images/IMG_9059.HEIC,davg-uncategorized-377,Uncategorized,,needs_visual_review,davg-uncategorized-377-400w.webp,davg-uncategorized-377-800w.webp,davg-uncategorized-377-1600w.webp
AN-830-AP_Interior.jpg,/1 - Astro DAVG.ai/3 - Website Images/AN-830-AP_Interior.jpg,davg-uncategorized-366,Uncategorized,,needs_visual_review,davg-uncategorized-366-400w.webp,davg-uncategorized-366-800w.webp,davg-uncategorized-366-1600w.webp
LivRm_Resi Agnostic 19_White_AM_Straight_Roller_Preset.png,/1 - Astro DAVG.ai/3 - Website Images/LivRm_Resi Agnostic 19_White_AM_Straight_Roller_Preset.png,davg-living-room-007,Living Room,,keep_auto,davg-living-room-007-400w.webp,davg-living-room-007-800w.webp,davg-living-room-007-1600w.webp
SAT-HighRes-1.jpg,/1 - Astro DAVG.ai/3 - Website Images/SAT-HighRes-1.jpg,davg-uncategorized-374,Uncategorized,,needs_visual_review,davg-uncategorized-374-400w.webp,davg-uncategorized-374-800w.webp,davg-uncategorized-374-1600w.webp
SB-5.jpg,/1 - Astro DAVG.ai/3 - Website Images/SB-5.jpg,davg-uncategorized-364,Uncategorized,,needs_visual_review,davg-uncategorized-364-400w.webp,davg-uncategorized-364-800w.webp,davg-uncategorized-364-1600w.webp
Primary_UI_8_bar.png,/1 - Astro DAVG.ai/3 - Website Images/Primary_UI_8_bar.png,davg-uncategorized-365,Uncategorized,,needs_visual_review,davg-uncategorized-365-400w.webp,davg-uncategorized-365-800w.webp,davg-uncategorized-365-1600w.webp
"Photo May 31 2026, 8 51 03 AM (1) (1).jpeg","/1 - Astro DAVG.ai/3 - Website Images/Photo May 31 2026, 8 51 03 AM (1) (1).jpeg",davg-uncategorized-380,Uncategorized,,needs_visual_review,davg-uncategorized-380-400w.webp,davg-uncategorized-380-800w.webp,davg-uncategorized-380-1600w.webp
"Photo May 31 2026, 8 51 03 AM (22).jpeg","/1 - Astro DAVG.ai/3 - Website Images/Photo May 31 2026, 8 51 03 AM (22).jpeg",davg-uncategorized-383,Uncategorized,,needs_visual_review,davg-uncategorized-383-400w.webp,davg-uncategorized-383-800w.webp,davg-uncategorized-383-1600w.webp
sonnance thin.jpg,/1 - Astro DAVG.ai/3 - Website Images/sonnance thin.jpg,davg-uncategorized-390,Uncategorized,,needs_visual_review,davg-uncategorized-390-400w.webp,davg-uncategorized-390-800w.webp,davg-uncategorized-390-1600w.webp
Denon_AVR_Lifestyle-768x443.png,/1 - Astro DAVG.ai/3 - Website Images/Denon_AVR_Lifestyle-768x443.png,davg-uncategorized-396,Uncategorized,,needs_visual_review,davg-uncategorized-396-400w.webp,davg-uncategorized-396-800w.webp,davg-uncategorized-396-1600w.webp
"Photo May 31 2026, 8 51 03 AM (8).jpeg","/1 - Astro DAVG.ai/3 - Website Images/Photo May 31 2026, 8 51 03 AM (8).jpeg",davg-uncategorized-382,Uncategorized,,needs_visual_review,davg-uncategorized-382-400w.webp,davg-uncategorized-382-800w.webp,davg-uncategorized-382-1600w.webp
"Photo Mar 09 2026, 7 18 12 PM.jpg","/1 - Astro DAVG.ai/3 - Website Images/Photo Mar 09 2026, 7 18 12 PM.jpg",davg-uncategorized-391,Uncategorized,,needs_visual_review,davg-uncategorized-391-400w.webp,davg-uncategorized-391-800w.webp,davg-uncategorized-391-1600w.webp
Smart Home.jpg,/1 - Astro DAVG.ai/3 - Website Images/Smart Home.jpg,davg-uncategorized-388,Uncategorized,,needs_visual_review,davg-uncategorized-388-400w.webp,davg-uncategorized-388-800w.webp,davg-uncategorized-388-1600w.webp
GT-150-GR_Prv Res_Orlando CH_Nook in Background.jpg,/1 - Astro DAVG.ai/3 - Website Images/GT-150-GR_Prv Res_Orlando CH_Nook in Background.jpg,davg-uncategorized-386,Uncategorized,,needs_visual_review,davg-uncategorized-386-400w.webp,davg-uncategorized-386-800w.webp,davg-uncategorized-386-1600w.webp
"Photo May 17 2026, 12 57 15 AM.jpg","/1 - Astro DAVG.ai/3 - Website Images/Photo May 17 2026, 12 57 15 AM.jpg",davg-uncategorized-395,Uncategorized,,needs_visual_review,davg-uncategorized-395-400w.webp,davg-uncategorized-395-800w.webp,davg-uncategorized-395-1600w.webp
Alisse_Polishing Wheel 1.jpg,/1 - Astro DAVG.ai/3 - Website Images/Alisse_Polishing Wheel 1.jpg,davg-uncategorized-381,Uncategorized,,needs_visual_review,davg-uncategorized-381-400w.webp,davg-uncategorized-381-800w.webp,davg-uncategorized-381-1600w.webp
ketra regular.jpg,/1 - Astro DAVG.ai/3 - Website Images/ketra regular.jpg,davg-lutron-ketra-001,Product / Brand Asset,Lutron Ketra,keep_auto,davg-lutron-ketra-001-400w.webp,davg-lutron-ketra-001-800w.webp,davg-lutron-ketra-001-1600w.webp
down-net_http20260717-243-exekjq.jpg,/1 - Astro DAVG.ai/3 - Website Images/down-net_http20260717-243-exekjq.jpg,davg-uncategorized-393,Uncategorized,,needs_visual_review,davg-uncategorized-393-400w.webp,davg-uncategorized-393-800w.webp,davg-uncategorized-393-1600w.webp
"Photo May 17 2026, 1 05 05 AM.jpg","/1 - Astro DAVG.ai/3 - Website Images/Photo May 17 2026, 1 05 05 AM.jpg",davg-uncategorized-394,Uncategorized,,needs_visual_review,davg-uncategorized-394-400w.webp,davg-uncategorized-394-800w.webp,davg-uncategorized-394-1600w.webp
SunBriteTVSignatureProLowRes.jpg,/1 - Astro DAVG.ai/3 - Website Images/SunBriteTVSignatureProLowRes.jpg,davg-uncategorized-379,Uncategorized,,needs_visual_review,davg-uncategorized-379-400w.webp,davg-uncategorized-379-800w.webp,davg-uncategorized-379-1600w.webp
FullSizeRender (10).HEIC,/1 - Astro DAVG.ai/3 - Website Images/FullSizeRender (10).HEIC,davg-uncategorized-378,Uncategorized,,needs_visual_review,davg-uncategorized-378-400w.webp,davg-uncategorized-378-800w.webp,davg-uncategorized-378-1600w.webp
"Photo Mar 20 2026, 8 21 03 AM.jpg","/1 - Astro DAVG.ai/3 - Website Images/Photo Mar 20 2026, 8 21 03 AM.jpg",davg-uncategorized-385,Uncategorized,,needs_visual_review,davg-uncategorized-385-400w.webp,davg-uncategorized-385-800w.webp,davg-uncategorized-385-1600w.webp
Micro-RGB_Lifestyle-Image_1-1.jpg,/1 - Astro DAVG.ai/3 - Website Images/Micro-RGB_Lifestyle-Image_1-1.jpg,davg-uncategorized-384,Uncategorized,,needs_visual_review,davg-uncategorized-384-400w.webp,davg-uncategorized-384-800w.webp,davg-uncategorized-384-1600w.webp
BedRm_Atelier_Sivoia QS_Pochoir_PewterSH_det bedside 5BRL seeTouch keypad.png,/1 - Astro DAVG.ai/3 - Website Images/BedRm_Atelier_Sivoia QS_Pochoir_PewterSH_det bedside 5BRL seeTouch keypad.png,davg-bedroom-016,Bedroom,,keep_auto,davg-bedroom-016-400w.webp,davg-bedroom-016-800w.webp,davg-bedroom-016-1600w.webp
IMG_0445.HEIC,/1 - Astro DAVG.ai/3 - Website Images/IMG_0445.HEIC,davg-uncategorized-389,Uncategorized,,needs_visual_review,davg-uncategorized-389-400w.webp,davg-uncategorized-389-800w.webp,davg-uncategorized-389-1600w.webp
AN-830_AP_InCeiling_Install.jpg,/1 - Astro DAVG.ai/3 - Website Images/AN-830_AP_InCeiling_Install.jpg,davg-uncategorized-387,Uncategorized,,needs_visual_review,davg-uncategorized-387-400w.webp,davg-uncategorized-387-800w.webp,davg-uncategorized-387-1600w.webp
IMG_3132.jpeg,/1 - Astro DAVG.ai/3 - Website Images/IMG_3132.jpeg,davg-uncategorized-392,Uncategorized,,needs_visual_review,davg-uncategorized-392-400w.webp,davg-uncategorized-392-800w.webp,davg-uncategorized-392-1600w.webp
Outdoor-2024-Luma-8.jpg,/1 - Astro DAVG.ai/3 - Website Images/Outdoor-2024-Luma-8.jpg,davg-outdoor-living-009,Outdoor Living,,keep_auto,davg-outdoor-living-009-400w.webp,davg-outdoor-living-009-800w.webp,davg-outdoor-living-009-1600w.webp
Avalon Beach-Lifestyle_12.jpg,/1 - Astro DAVG.ai/3 - Website Images/Avalon Beach-Lifestyle_12.jpg,davg-avalon-030,Product / Brand Asset,Avalon,keep_auto,davg-avalon-030-400w.webp,davg-avalon-030-800w.webp,davg-avalon-030-1600w.webp
Avalon-Beach-Exclusive-Brands-15.jpg,/1 - Astro DAVG.ai/3 - Website Images/Avalon-Beach-Exclusive-Brands-15.jpg,davg-avalon-029,Product / Brand Asset,Avalon,keep_auto,davg-avalon-029-400w.webp,davg-avalon-029-800w.webp,davg-avalon-029-1600w.webp
Avalon-Beach-Exclusive-Brands-11.jpg,/1 - Astro DAVG.ai/3 - Website Images/Avalon-Beach-Exclusive-Brands-11.jpg,davg-avalon-028,Product / Brand Asset,Avalon,keep_auto,davg-avalon-028-400w.webp,davg-avalon-028-800w.webp,davg-avalon-028-1600w.webp
Alisse Product Grouping with Reflections.jpg,/1 - Astro DAVG.ai/3 - Website Images/Alisse Product Grouping with Reflections.jpg,davg-uncategorized-402,Uncategorized,,needs_visual_review,davg-uncategorized-402-400w.webp,davg-uncategorized-402-800w.webp,davg-uncategorized-402-1600w.webp
IMG_2024.JPG,/1 - Astro DAVG.ai/3 - Website Images/IMG_2024.JPG,davg-uncategorized-407,Uncategorized,,needs_visual_review,davg-uncategorized-407-400w.webp,davg-uncategorized-407-800w.webp,davg-uncategorized-407-1600w.webp
IMG_2040.JPG,/1 - Astro DAVG.ai/3 - Website Images/IMG_2040.JPG,davg-uncategorized-410,Uncategorized,,needs_visual_review,davg-uncategorized-410-400w.webp,davg-uncategorized-410-800w.webp,davg-uncategorized-410-1600w.webp
"Photo May 17 2026, 1 06 10 AM.jpg","/1 - Astro DAVG.ai/3 - Website Images/Photo May 17 2026, 1 06 10 AM.jpg",davg-uncategorized-414,Uncategorized,,needs_visual_review,davg-uncategorized-414-400w.webp,davg-uncategorized-414-800w.webp,davg-uncategorized-414-1600w.webp
"Photo May 31 2026, 5 28 57 AM (1).jpeg","/1 - Astro DAVG.ai/3 - Website Images/Photo May 31 2026, 5 28 57 AM (1).jpeg",davg-uncategorized-411,Uncategorized,,needs_visual_review,davg-uncategorized-411-400w.webp,davg-uncategorized-411-800w.webp,davg-uncategorized-411-1600w.webp
"Photo May 31 2026, 5 31 34 AM (12).jpeg","/1 - Astro DAVG.ai/3 - Website Images/Photo May 31 2026, 5 31 34 AM (12).jpeg",davg-uncategorized-403,Uncategorized,,needs_visual_review,davg-uncategorized-403-400w.webp,davg-uncategorized-403-800w.webp,davg-uncategorized-403-1600w.webp
"Photo Jun 07 2026, 9 59 15 PM (1).jpg","/1 - Astro DAVG.ai/3 - Website Images/Photo Jun 07 2026, 9 59 15 PM (1).jpg",davg-uncategorized-400,Uncategorized,,needs_visual_review,davg-uncategorized-400-400w.webp,davg-uncategorized-400-800w.webp,davg-uncategorized-400-1600w.webp
"Photo Jun 07 2026, 9 59 15 PM (14).jpg","/1 - Astro DAVG.ai/3 - Website Images/Photo Jun 07 2026, 9 59 15 PM (14).jpg",davg-uncategorized-409,Uncategorized,,needs_visual_review,davg-uncategorized-409-400w.webp,davg-uncategorized-409-800w.webp,davg-uncategorized-409-1600w.webp
"Photo May 17 2026, 1 06 57 AM.jpg","/1 - Astro DAVG.ai/3 - Website Images/Photo May 17 2026, 1 06 57 AM.jpg",davg-uncategorized-405,Uncategorized,,needs_visual_review,davg-uncategorized-405-400w.webp,davg-uncategorized-405-800w.webp,davg-uncategorized-405-1600w.webp
IMG_2054.JPG,/1 - Astro DAVG.ai/3 - Website Images/IMG_2054.JPG,davg-uncategorized-408,Uncategorized,,needs_visual_review,davg-uncategorized-408-400w.webp,davg-uncategorized-408-800w.webp,davg-uncategorized-408-1600w.webp
"Photo May 31 2026, 5 28 56 AM (10).jpg","/1 - Astro DAVG.ai/3 - Website Images/Photo May 31 2026, 5 28 56 AM (10).jpg",davg-uncategorized-413,Uncategorized,,needs_visual_review,davg-uncategorized-413-400w.webp,davg-uncategorized-413-800w.webp,davg-uncategorized-413-1600w.webp
IMG_1868.HEIC,/1 - Astro DAVG.ai/3 - Website Images/IMG_1868.HEIC,davg-uncategorized-399,Uncategorized,,needs_visual_review,davg-uncategorized-399-400w.webp,davg-uncategorized-399-800w.webp,davg-uncategorized-399-1600w.webp
"Photo May 17 2026, 1 09 48 AM.jpg","/1 - Astro DAVG.ai/3 - Website Images/Photo May 17 2026, 1 09 48 AM.jpg",davg-uncategorized-406,Uncategorized,,needs_visual_review,davg-uncategorized-406-400w.webp,davg-uncategorized-406-800w.webp,davg-uncategorized-406-1600w.webp
Kit_NY Loft_Shades Closed.png,/1 - Astro DAVG.ai/3 - Website Images/Kit_NY Loft_Shades Closed.png,davg-uncategorized-416,Uncategorized,,needs_visual_review,davg-uncategorized-416-400w.webp,davg-uncategorized-416-800w.webp,davg-uncategorized-416-1600w.webp
BedRm_Atelier_Sivoia QS_Pochoir_PewterSH_pre.png,/1 - Astro DAVG.ai/3 - Website Images/BedRm_Atelier_Sivoia QS_Pochoir_PewterSH_pre.png,davg-bedroom-017,Bedroom,,keep_auto,davg-bedroom-017-400w.webp,davg-bedroom-017-800w.webp,davg-bedroom-017-1600w.webp
"Photo Jun 07 2026, 9 59 15 PM (1).png","/1 - Astro DAVG.ai/3 - Website Images/Photo Jun 07 2026, 9 59 15 PM (1).png",davg-uncategorized-404,Uncategorized,,needs_visual_review,davg-uncategorized-404-400w.webp,davg-uncategorized-404-800w.webp,davg-uncategorized-404-1600w.webp
DinRm_Resi Agnostic 19_AM_Straight_Roller_Closed.png,/1 - Astro DAVG.ai/3 - Website Images/DinRm_Resi Agnostic 19_AM_Straight_Roller_Closed.png,davg-uncategorized-415,Uncategorized,,needs_visual_review,davg-uncategorized-415-400w.webp,davg-uncategorized-415-800w.webp,davg-uncategorized-415-1600w.webp
C4-VBTX57.jpg,/1 - Astro DAVG.ai/3 - Website Images/C4-VBTX57.jpg,davg-control4-014,Product / Brand Asset,Control4,keep_auto,davg-control4-014-400w.webp,davg-control4-014-800w.webp,davg-control4-014-1600w.webp
C4-VBTX43.jpg,/1 - Astro DAVG.ai/3 - Website Images/C4-VBTX43.jpg,davg-control4-013,Product / Brand Asset,Control4,keep_auto,davg-control4-013-400w.webp,davg-control4-013-800w.webp,davg-control4-013-1600w.webp
SunBriteTVSignaturePro 2.jpg,/1 - Astro DAVG.ai/3 - Website Images/SunBriteTVSignaturePro 2.jpg,davg-uncategorized-397,Uncategorized,,needs_visual_review,davg-uncategorized-397-400w.webp,davg-uncategorized-397-800w.webp,davg-uncategorized-397-1600w.webp
Denver-Penthouse_Case-Study-34.jpg,/1 - Astro DAVG.ai/3 - Website Images/Denver-Penthouse_Case-Study-34.jpg,davg-uncategorized-401,Uncategorized,,needs_visual_review,davg-uncategorized-401-400w.webp,davg-uncategorized-401-800w.webp,davg-uncategorized-401-1600w.webp
"Photo Feb 16 2026, 10 15 01 AM.jpg","/1 - Astro DAVG.ai/3 - Website Images/Photo Feb 16 2026, 10 15 01 AM.jpg",davg-uncategorized-412,Uncategorized,,needs_visual_review,davg-uncategorized-412-400w.webp,davg-uncategorized-412-800w.webp,davg-uncategorized-412-1600w.webp
Radiance_SLC-26.jpg,/1 - Astro DAVG.ai/3 - Website Images/Radiance_SLC-26.jpg,davg-uncategorized-398,Uncategorized,,needs_visual_review,davg-uncategorized-398-400w.webp,davg-uncategorized-398-800w.webp,davg-uncategorized-398-1600w.webp
Avalon-Beach-Exclusive-Brands-14.jpg,/1 - Astro DAVG.ai/3 - Website Images/Avalon-Beach-Exclusive-Brands-14.jpg,davg-avalon-031,Product / Brand Asset,Avalon,keep_auto,davg-avalon-031-400w.webp,davg-avalon-031-800w.webp,davg-avalon-031-1600w.webp
IMG_3237.jpeg,/1 - Astro DAVG.ai/3 - Website Images/IMG_3237.jpeg,davg-uncategorized-417,Uncategorized,,needs_visual_review,davg-uncategorized-417-400w.webp,davg-uncategorized-417-800w.webp,davg-uncategorized-417-1600w.webp
sunbriteds-dusk-bar-360-st-louis.jpg,/1 - Astro DAVG.ai/3 - Website Images/sunbriteds-dusk-bar-360-st-louis.jpg,davg-uncategorized-422,Uncategorized,,needs_visual_review,davg-uncategorized-422-400w.webp,davg-uncategorized-422-800w.webp,davg-uncategorized-422-1600w.webp
C4-HALO-TS-AS_7_Front_Docked_Z.jpg,/1 - Astro DAVG.ai/3 - Website Images/C4-HALO-TS-AS_7_Front_Docked_Z.jpg,davg-control4-015,Product / Brand Asset,Control4,keep_auto,davg-control4-015-400w.webp,davg-control4-015-800w.webp,davg-control4-015-1600w.webp
IMG_2056.JPG,/1 - Astro DAVG.ai/3 - Website Images/IMG_2056.JPG,davg-uncategorized-432,Uncategorized,,needs_visual_review,davg-uncategorized-432-400w.webp,davg-uncategorized-432-800w.webp,davg-uncategorized-432-1600w.webp
Kit_Prv Res_Orlando CH_Bright.jpg,/1 - Astro DAVG.ai/3 - Website Images/Kit_Prv Res_Orlando CH_Bright.jpg,davg-uncategorized-425,Uncategorized,,needs_visual_review,davg-uncategorized-425-400w.webp,davg-uncategorized-425-800w.webp,davg-uncategorized-425-1600w.webp
"Photo May 17 2026, 1 03 23 AM.jpg","/1 - Astro DAVG.ai/3 - Website Images/Photo May 17 2026, 1 03 23 AM.jpg",davg-uncategorized-419,Uncategorized,,needs_visual_review,davg-uncategorized-419-400w.webp,davg-uncategorized-419-800w.webp,davg-uncategorized-419-1600w.webp
"Photo May 31 2026, 8 51 03 AM (24).jpeg","/1 - Astro DAVG.ai/3 - Website Images/Photo May 31 2026, 8 51 03 AM (24).jpeg",davg-uncategorized-434,Uncategorized,,needs_visual_review,davg-uncategorized-434-400w.webp,davg-uncategorized-434-800w.webp,davg-uncategorized-434-1600w.webp
"Photo May 31 2026, 8 51 03 AM (10).jpg","/1 - Astro DAVG.ai/3 - Website Images/Photo May 31 2026, 8 51 03 AM (10).jpg",davg-uncategorized-428,Uncategorized,,needs_visual_review,davg-uncategorized-428-400w.webp,davg-uncategorized-428-800w.webp,davg-uncategorized-428-1600w.webp
"Photo May 31 2026, 5 31 33 AM (16).jpg","/1 - Astro DAVG.ai/3 - Website Images/Photo May 31 2026, 5 31 33 AM (16).jpg",davg-uncategorized-429,Uncategorized,,needs_visual_review,davg-uncategorized-429-400w.webp,davg-uncategorized-429-800w.webp,davg-uncategorized-429-1600w.webp
"Photo Jun 07 2026, 9 59 15 PM (18).jpg","/1 - Astro DAVG.ai/3 - Website Images/Photo Jun 07 2026, 9 59 15 PM (18).jpg",davg-uncategorized-435,Uncategorized,,needs_visual_review,davg-uncategorized-435-400w.webp,davg-uncategorized-435-800w.webp,davg-uncategorized-435-1600w.webp
IMG_1848.HEIC,/1 - Astro DAVG.ai/3 - Website Images/IMG_1848.HEIC,davg-uncategorized-433,Uncategorized,,needs_visual_review,davg-uncategorized-433-400w.webp,davg-uncategorized-433-800w.webp,davg-uncategorized-433-1600w.webp
Solutions Cards.png,/1 - Astro DAVG.ai/3 - Website Images/Solutions Cards.png,davg-uncategorized-424,Uncategorized,,needs_visual_review,davg-uncategorized-424-400w.webp,davg-uncategorized-424-800w.webp,davg-uncategorized-424-1600w.webp
GT-150-CWH_Prv Res_Orlando CH_Nook in Background.jpg,/1 - Astro DAVG.ai/3 - Website Images/GT-150-CWH_Prv Res_Orlando CH_Nook in Background.jpg,davg-uncategorized-418,Uncategorized,,needs_visual_review,davg-uncategorized-418-400w.webp,davg-uncategorized-418-800w.webp,davg-uncategorized-418-1600w.webp
Generated image 1 (7).png,/1 - Astro DAVG.ai/3 - Website Images/Generated image 1 (7).png,davg-uncategorized-431,Uncategorized,,needs_visual_review,davg-uncategorized-431-400w.webp,davg-uncategorized-431-800w.webp,davg-uncategorized-431-1600w.webp
"Photo May 17 2026, 1 10 35 AM.jpg","/1 - Astro DAVG.ai/3 - Website Images/Photo May 17 2026, 1 10 35 AM.jpg",davg-uncategorized-421,Uncategorized,,needs_visual_review,davg-uncategorized-421-400w.webp,davg-uncategorized-421-800w.webp,davg-uncategorized-421-1600w.webp
LivRm_Prv Res_Orlando CH_Angle_with Shade_1.jpg,/1 - Astro DAVG.ai/3 - Website Images/LivRm_Prv Res_Orlando CH_Angle_with Shade_1.jpg,davg-living-room-008,Living Room,,keep_auto,davg-living-room-008-400w.webp,davg-living-room-008-800w.webp,davg-living-room-008-1600w.webp
LivRm_Prv Res_Orlando CH_with Kitchen.jpg,/1 - Astro DAVG.ai/3 - Website Images/LivRm_Prv Res_Orlando CH_with Kitchen.jpg,davg-living-room-009,Living Room,,keep_auto,davg-living-room-009-400w.webp,davg-living-room-009-800w.webp,davg-living-room-009-1600w.webp
SunBrite_img_02.jpg,/1 - Astro DAVG.ai/3 - Website Images/SunBrite_img_02.jpg,davg-uncategorized-430,Uncategorized,,needs_visual_review,davg-uncategorized-430-400w.webp,davg-uncategorized-430-800w.webp,davg-uncategorized-430-1600w.webp
DinRm_Atelier_Palladiom_Matrice_DawnSH_det3 hembar ang.png,/1 - Astro DAVG.ai/3 - Website Images/DinRm_Atelier_Palladiom_Matrice_DawnSH_det3 hembar ang.png,davg-uncategorized-423,Uncategorized,,needs_visual_review,davg-uncategorized-423-400w.webp,davg-uncategorized-423-800w.webp,davg-uncategorized-423-1600w.webp
C4-VBTX55.jpg,/1 - Astro DAVG.ai/3 - Website Images/C4-VBTX55.jpg,davg-control4-016,Product / Brand Asset,Control4,keep_auto,davg-control4-016-400w.webp,davg-control4-016-800w.webp,davg-control4-016-1600w.webp
IMG_1126.HEIC,/1 - Astro DAVG.ai/3 - Website Images/IMG_1126.HEIC,davg-uncategorized-420,Uncategorized,,needs_visual_review,davg-uncategorized-420-400w.webp,davg-uncategorized-420-800w.webp,davg-uncategorized-420-1600w.webp
PDX_Callouts-LCR_Tweeter.jpg,/1 - Astro DAVG.ai/3 - Website Images/PDX_Callouts-LCR_Tweeter.jpg,davg-uncategorized-427,Uncategorized,,needs_visual_review,davg-uncategorized-427-400w.webp,davg-uncategorized-427-800w.webp,davg-uncategorized-427-1600w.webp
Avalon Beach-Lifestyle_11.jpg,/1 - Astro DAVG.ai/3 - Website Images/Avalon Beach-Lifestyle_11.jpg,davg-avalon-033,Product / Brand Asset,Avalon,keep_auto,davg-avalon-033-400w.webp,davg-avalon-033-800w.webp,davg-avalon-033-1600w.webp
Avalon-Beach-Exclusive-Brands-28.jpg,/1 - Astro DAVG.ai/3 - Website Images/Avalon-Beach-Exclusive-Brands-28.jpg,davg-avalon-032,Product / Brand Asset,Avalon,keep_auto,davg-avalon-032-400w.webp,davg-avalon-032-800w.webp,davg-avalon-032-1600w.webp
IMG_3104.jpeg,/1 - Astro DAVG.ai/3 - Website Images/IMG_3104.jpeg,davg-uncategorized-436,Uncategorized,,needs_visual_review,davg-uncategorized-436-400w.webp,davg-uncategorized-436-800w.webp,davg-uncategorized-436-1600w.webp
IMG_3094.jpeg,/1 - Astro DAVG.ai/3 - Website Images/IMG_3094.jpeg,davg-uncategorized-426,Uncategorized,,needs_visual_review,davg-uncategorized-426-400w.webp,davg-uncategorized-426-800w.webp,davg-uncategorized-426-1600w.webp
"Photo May 31 2026, 5 31 34 AM (10).jpeg","/1 - Astro DAVG.ai/3 - Website Images/Photo May 31 2026, 5 31 34 AM (10).jpeg",davg-uncategorized-441,Uncategorized,,needs_visual_review,davg-uncategorized-441-400w.webp,davg-uncategorized-441-800w.webp,davg-uncategorized-441-1600w.webp
Vibrant_AZ-39.jpg,/1 - Astro DAVG.ai/3 - Website Images/Vibrant_AZ-39.jpg,davg-uncategorized-442,Uncategorized,,needs_visual_review,davg-uncategorized-442-400w.webp,davg-uncategorized-442-800w.webp,davg-uncategorized-442-1600w.webp
Avalon Beach-Lifestyle_10.jpg,/1 - Astro DAVG.ai/3 - Website Images/Avalon Beach-Lifestyle_10.jpg,davg-avalon-034,Product / Brand Asset,Avalon,keep_auto,davg-avalon-034-400w.webp,davg-avalon-034-800w.webp,davg-avalon-034-1600w.webp
HaloLifestyle_Alpine-36.jpg,/1 - Astro DAVG.ai/3 - Website Images/HaloLifestyle_Alpine-36.jpg,davg-uncategorized-444,Uncategorized,,needs_visual_review,davg-uncategorized-444-400w.webp,davg-uncategorized-444-800w.webp,davg-uncategorized-444-1600w.webp
EA-AMP-HYB-2D-1200_00_In-Rack-1.jpg,/1 - Astro DAVG.ai/3 - Website Images/EA-AMP-HYB-2D-1200_00_In-Rack-1.jpg,davg-equipment-room-007,Equipment Room,,keep_auto,davg-equipment-room-007-400w.webp,davg-equipment-room-007-800w.webp,davg-equipment-room-007-1600w.webp
MediaInnovations-14.jpg,/1 - Astro DAVG.ai/3 - Website Images/MediaInnovations-14.jpg,davg-uncategorized-445,Uncategorized,,needs_visual_review,davg-uncategorized-445-400w.webp,davg-uncategorized-445-800w.webp,davg-uncategorized-445-1600w.webp
EA-AMP-HYB-2D-1200_00_In-Rack.jpg,/1 - Astro DAVG.ai/3 - Website Images/EA-AMP-HYB-2D-1200_00_In-Rack.jpg,davg-equipment-room-008,Equipment Room,,keep_auto,davg-equipment-room-008-400w.webp,davg-equipment-room-008-800w.webp,davg-equipment-room-008-1600w.webp
EMEA_C4_Images_Video_2.jpg,/1 - Astro DAVG.ai/3 - Website Images/EMEA_C4_Images_Video_2.jpg,davg-uncategorized-446,Uncategorized,,needs_visual_review,davg-uncategorized-446-400w.webp,davg-uncategorized-446-800w.webp,davg-uncategorized-446-1600w.webp
EMEA_C4_Images_Primary_UI_8.jpg,/1 - Astro DAVG.ai/3 - Website Images/EMEA_C4_Images_Primary_UI_8.jpg,davg-uncategorized-447,Uncategorized,,needs_visual_review,davg-uncategorized-447-400w.webp,davg-uncategorized-447-800w.webp,davg-uncategorized-447-1600w.webp
Ext_Prv Res_Orlando F_Dusk_Back Yard.jpg,/1 - Astro DAVG.ai/3 - Website Images/Ext_Prv Res_Orlando F_Dusk_Back Yard.jpg,davg-uncategorized-448,Uncategorized,,needs_visual_review,davg-uncategorized-448-400w.webp,davg-uncategorized-448-800w.webp,davg-uncategorized-448-1600w.webp
MediaInnovations-1.jpg,/1 - Astro DAVG.ai/3 - Website Images/MediaInnovations-1.jpg,davg-uncategorized-449,Uncategorized,,needs_visual_review,davg-uncategorized-449-400w.webp,davg-uncategorized-449-800w.webp,davg-uncategorized-449-1600w.webp
EMEA_C4_Images_Video_6.jpg,/1 - Astro DAVG.ai/3 - Website Images/EMEA_C4_Images_Video_6.jpg,davg-uncategorized-450,Uncategorized,,needs_visual_review,davg-uncategorized-450-400w.webp,davg-uncategorized-450-800w.webp,davg-uncategorized-450-1600w.webp
MediaInnovations-12.jpg,/1 - Astro DAVG.ai/3 - Website Images/MediaInnovations-12.jpg,davg-uncategorized-451,Uncategorized,,needs_visual_review,davg-uncategorized-451-400w.webp,davg-uncategorized-451-800w.webp,davg-uncategorized-451-1600w.webp
"Photo May 31 2026, 8 51 03 AM (1).png","/1 - Astro DAVG.ai/3 - Website Images/Photo May 31 2026, 8 51 03 AM (1).png",davg-uncategorized-452,Uncategorized,,needs_visual_review,davg-uncategorized-452-400w.webp,davg-uncategorized-452-800w.webp,davg-uncategorized-452-1600w.webp
"Photo May 31 2026, 8 51 03 AM (1).jpg","/1 - Astro DAVG.ai/3 - Website Images/Photo May 31 2026, 8 51 03 AM (1).jpg",davg-uncategorized-453,Uncategorized,,needs_visual_review,davg-uncategorized-453-400w.webp,davg-uncategorized-453-800w.webp,davg-uncategorized-453-1600w.webp
"Photo May 31 2026, 5 31 34 AM (13).jpeg","/1 - Astro DAVG.ai/3 - Website Images/Photo May 31 2026, 5 31 34 AM (13).jpeg",davg-uncategorized-454,Uncategorized,,needs_visual_review,davg-uncategorized-454-400w.webp,davg-uncategorized-454-800w.webp,davg-uncategorized-454-1600w.webp
MediaInnovations-2.jpg,/1 - Astro DAVG.ai/3 - Website Images/MediaInnovations-2.jpg,davg-uncategorized-455,Uncategorized,,needs_visual_review,davg-uncategorized-455-400w.webp,davg-uncategorized-455-800w.webp,davg-uncategorized-455-1600w.webp
MediaInnovations-10.jpg,/1 - Astro DAVG.ai/3 - Website Images/MediaInnovations-10.jpg,davg-uncategorized-456,Uncategorized,,needs_visual_review,davg-uncategorized-456-400w.webp,davg-uncategorized-456-800w.webp,davg-uncategorized-456-1600w.webp
MediaInnovations-11.jpg,/1 - Astro DAVG.ai/3 - Website Images/MediaInnovations-11.jpg,davg-uncategorized-457,Uncategorized,,needs_visual_review,davg-uncategorized-457-400w.webp,davg-uncategorized-457-800w.webp,davg-uncategorized-457-1600w.webp
Ext_Prv Res_Orlando F_Dusk_Front.jpg,/1 - Astro DAVG.ai/3 - Website Images/Ext_Prv Res_Orlando F_Dusk_Front.jpg,davg-uncategorized-458,Uncategorized,,needs_visual_review,davg-uncategorized-458-400w.webp,davg-uncategorized-458-800w.webp,davg-uncategorized-458-1600w.webp
C4-VBTX54.jpg,/1 - Astro DAVG.ai/3 - Website Images/C4-VBTX54.jpg,davg-control4-017,Product / Brand Asset,Control4,keep_auto,davg-control4-017-400w.webp,davg-control4-017-800w.webp,davg-control4-017-1600w.webp
C4-HALO-BL_1_Front_Z.jpg,/1 - Astro DAVG.ai/3 - Website Images/C4-HALO-BL_1_Front_Z.jpg,davg-control4-018,Product / Brand Asset,Control4,keep_auto,davg-control4-018-400w.webp,davg-control4-018-800w.webp,davg-control4-018-1600w.webp
IMG_3112.jpeg,/1 - Astro DAVG.ai/3 - Website Images/IMG_3112.jpeg,davg-uncategorized-459,Uncategorized,,needs_visual_review,davg-uncategorized-459-400w.webp,davg-uncategorized-459-800w.webp,davg-uncategorized-459-1600w.webp
"Photo May 31 2026, 8 51 03 AM (19).jpeg","/1 - Astro DAVG.ai/3 - Website Images/Photo May 31 2026, 8 51 03 AM (19).jpeg",davg-uncategorized-460,Uncategorized,,needs_visual_review,davg-uncategorized-460-400w.webp,davg-uncategorized-460-800w.webp,davg-uncategorized-460-1600w.webp
AMS8-V2_AMS16_RackGroup_Back.jpg,/1 - Astro DAVG.ai/3 - Website Images/AMS8-V2_AMS16_RackGroup_Back.jpg,davg-equipment-room-009,Equipment Room,,keep_auto,davg-equipment-room-009-400w.webp,davg-equipment-room-009-800w.webp,davg-equipment-room-009-1600w.webp
"Photo May 31 2026, 5 31 34 AM (4).jpeg","/1 - Astro DAVG.ai/3 - Website Images/Photo May 31 2026, 5 31 34 AM (4).jpeg",davg-uncategorized-461,Uncategorized,,needs_visual_review,davg-uncategorized-461-400w.webp,davg-uncategorized-461-800w.webp,davg-uncategorized-461-1600w.webp
C4-VBTX27.jpg,/1 - Astro DAVG.ai/3 - Website Images/C4-VBTX27.jpg,davg-control4-019,Product / Brand Asset,Control4,keep_auto,davg-control4-019-400w.webp,davg-control4-019-800w.webp,davg-control4-019-1600w.webp
Alisse_Woven Wallpaper_1c3b_AB_Engraved.jpg,/1 - Astro DAVG.ai/3 - Website Images/Alisse_Woven Wallpaper_1c3b_AB_Engraved.jpg,davg-uncategorized-467,Uncategorized,,needs_visual_review,davg-uncategorized-467-400w.webp,davg-uncategorized-467-800w.webp,davg-uncategorized-467-1600w.webp
Rack_cables-1.jpg,/1 - Astro DAVG.ai/3 - Website Images/Rack_cables-1.jpg,davg-equipment-room-010,Equipment Room,,keep_auto,davg-equipment-room-010-400w.webp,davg-equipment-room-010-800w.webp,davg-equipment-room-010-1600w.webp
DinRm_3D_Round_Warm Dim_Bright.jpg,/1 - Astro DAVG.ai/3 - Website Images/DinRm_3D_Round_Warm Dim_Bright.jpg,davg-uncategorized-468,Uncategorized,,needs_visual_review,davg-uncategorized-468-400w.webp,davg-uncategorized-468-800w.webp,davg-uncategorized-468-1600w.webp
IMG_3226.jpeg,/1 - Astro DAVG.ai/3 - Website Images/IMG_3226.jpeg,davg-uncategorized-469,Uncategorized,,needs_visual_review,davg-uncategorized-469-400w.webp,davg-uncategorized-469-800w.webp,davg-uncategorized-469-1600w.webp
"Photo May 31 2026, 8 51 03 AM (23).jpeg","/1 - Astro DAVG.ai/3 - Website Images/Photo May 31 2026, 8 51 03 AM (23).jpeg",davg-uncategorized-474,Uncategorized,,needs_visual_review,davg-uncategorized-474-400w.webp,davg-uncategorized-474-800w.webp,davg-uncategorized-474-1600w.webp
lutron_palladiom_300dpi_CMYK.jpg,/1 - Astro DAVG.ai/3 - Website Images/lutron_palladiom_300dpi_CMYK.jpg,davg-uncategorized-478,Uncategorized,,needs_visual_review,davg-uncategorized-478-400w.webp,davg-uncategorized-478-800w.webp,davg-uncategorized-478-1600w.webp
FullSizeRender (11).HEIC,/1 - Astro DAVG.ai/3 - Website Images/FullSizeRender (11).HEIC,davg-uncategorized-479,Uncategorized,,needs_visual_review,davg-uncategorized-479-400w.webp,davg-uncategorized-479-800w.webp,davg-uncategorized-479-1600w.webp
FullSizeRender (6) (1).HEIC,/1 - Astro DAVG.ai/3 - Website Images/FullSizeRender (6) (1).HEIC,davg-uncategorized-480,Uncategorized,,needs_visual_review,davg-uncategorized-480-400w.webp,davg-uncategorized-480-800w.webp,davg-uncategorized-480-1600w.webp
"Photo May 31 2026, 8 51 03 AM (9).jpeg","/1 - Astro DAVG.ai/3 - Website Images/Photo May 31 2026, 8 51 03 AM (9).jpeg",davg-uncategorized-484,Uncategorized,,needs_visual_review,davg-uncategorized-484-400w.webp,davg-uncategorized-484-800w.webp,davg-uncategorized-484-1600w.webp
down-net_http20260717-481-o7ksra.jpg,/1 - Astro DAVG.ai/3 - Website Images/down-net_http20260717-481-o7ksra.jpg,davg-uncategorized-485,Uncategorized,,needs_visual_review,davg-uncategorized-485-400w.webp,davg-uncategorized-485-800w.webp,davg-uncategorized-485-1600w.webp
C4-VBTX26.jpg,/1 - Astro DAVG.ai/3 - Website Images/C4-VBTX26.jpg,davg-control4-021,Product / Brand Asset,Control4,keep_auto,davg-control4-021-400w.webp,davg-control4-021-800w.webp,davg-control4-021-1600w.webp
"Photo May 31 2026, 8 51 03 AM (23) (1).jpeg","/1 - Astro DAVG.ai/3 - Website Images/Photo May 31 2026, 8 51 03 AM (23) (1).jpeg",davg-uncategorized-487,Uncategorized,,needs_visual_review,davg-uncategorized-487-400w.webp,davg-uncategorized-487-800w.webp,davg-uncategorized-487-1600w.webp
C4-VBTX18.jpg,/1 - Astro DAVG.ai/3 - Website Images/C4-VBTX18.jpg,davg-control4-022,Product / Brand Asset,Control4,keep_auto,davg-control4-022-400w.webp,davg-control4-022-800w.webp,davg-control4-022-1600w.webp
FullSizeRender (8).HEIC,/1 - Astro DAVG.ai/3 - Website Images/FullSizeRender (8).HEIC,davg-uncategorized-489,Uncategorized,,needs_visual_review,davg-uncategorized-489-400w.webp,davg-uncategorized-489-800w.webp,davg-uncategorized-489-1600w.webp
Denver-Penthouse_Case-Study-5.jpg,/1 - Astro DAVG.ai/3 - Website Images/Denver-Penthouse_Case-Study-5.jpg,davg-uncategorized-491,Uncategorized,,needs_visual_review,davg-uncategorized-491-400w.webp,davg-uncategorized-491-800w.webp,davg-uncategorized-491-1600w.webp
DinRm_Prv Res_Orlando CH_Angle_With Palladiom Centered.jpg,/1 - Astro DAVG.ai/3 - Website Images/DinRm_Prv Res_Orlando CH_Angle_With Palladiom Centered.jpg,davg-lutron-002,Product / Brand Asset,Lutron,keep_auto,davg-lutron-002-400w.webp,davg-lutron-002-800w.webp,davg-lutron-002-1600w.webp
"Photo May 31 2026, 8 51 03 AM (21).jpeg","/1 - Astro DAVG.ai/3 - Website Images/Photo May 31 2026, 8 51 03 AM (21).jpeg",davg-uncategorized-493,Uncategorized,,needs_visual_review,davg-uncategorized-493-400w.webp,davg-uncategorized-493-800w.webp,davg-uncategorized-493-1600w.webp
DinRm_Atelier_Triathlon_Matrice_GreySH_det2 SN 4B keypad.png,/1 - Astro DAVG.ai/3 - Website Images/DinRm_Atelier_Triathlon_Matrice_GreySH_det2 SN 4B keypad.png,davg-uncategorized-494,Uncategorized,,needs_visual_review,davg-uncategorized-494-400w.webp,davg-uncategorized-494-800w.webp,davg-uncategorized-494-1600w.webp
IMG_3103.jpeg,/1 - Astro DAVG.ai/3 - Website Images/IMG_3103.jpeg,davg-uncategorized-495,Uncategorized,,needs_visual_review,davg-uncategorized-495-400w.webp,davg-uncategorized-495-800w.webp,davg-uncategorized-495-1600w.webp
TS-LCR_HOME_THEATER_Final_Blue.jpg,/1 - Astro DAVG.ai/3 - Website Images/TS-LCR_HOME_THEATER_Final_Blue.jpg,davg-home-theater-003,Home Theater,,keep_auto,davg-home-theater-003-400w.webp,davg-home-theater-003-800w.webp,davg-home-theater-003-1600w.webp
Alisse_Milling Machine 1.jpg,/1 - Astro DAVG.ai/3 - Website Images/Alisse_Milling Machine 1.jpg,davg-uncategorized-501,Uncategorized,,needs_visual_review,davg-uncategorized-501-400w.webp,davg-uncategorized-501-800w.webp,davg-uncategorized-501-1600w.webp
"Photo May 31 2026, 8 51 03 AM (17).jpg","/1 - Astro DAVG.ai/3 - Website Images/Photo May 31 2026, 8 51 03 AM (17).jpg",davg-uncategorized-503,Uncategorized,,needs_visual_review,davg-uncategorized-503-400w.webp,davg-uncategorized-503-800w.webp,davg-uncategorized-503-1600w.webp
IMG_3139.jpeg,/1 - Astro DAVG.ai/3 - Website Images/IMG_3139.jpeg,davg-uncategorized-504,Uncategorized,,needs_visual_review,davg-uncategorized-504-400w.webp,davg-uncategorized-504-800w.webp,davg-uncategorized-504-1600w.webp
IMG_9053.HEIC,/1 - Astro DAVG.ai/3 - Website Images/IMG_9053.HEIC,davg-uncategorized-505,Uncategorized,,needs_visual_review,davg-uncategorized-505-400w.webp,davg-uncategorized-505-800w.webp,davg-uncategorized-505-1600w.webp
TS-SAT_HOME_THEATER_Sound_Waves.jpg,/1 - Astro DAVG.ai/3 - Website Images/TS-SAT_HOME_THEATER_Sound_Waves.jpg,davg-home-theater-004,Home Theater,,keep_auto,davg-home-theater-004-400w.webp,davg-home-theater-004-800w.webp,davg-home-theater-004-1600w.webp
C4-VBTX9.jpg,/1 - Astro DAVG.ai/3 - Website Images/C4-VBTX9.jpg,davg-control4-023,Product / Brand Asset,Control4,keep_auto,davg-control4-023-400w.webp,davg-control4-023-800w.webp,davg-control4-023-1600w.webp
C4-VBTX19.jpg,/1 - Astro DAVG.ai/3 - Website Images/C4-VBTX19.jpg,davg-control4-024,Product / Brand Asset,Control4,keep_auto,davg-control4-024-400w.webp,davg-control4-024-800w.webp,davg-control4-024-1600w.webp
C4-VBTX25.jpg,/1 - Astro DAVG.ai/3 - Website Images/C4-VBTX25.jpg,davg-control4-025,Product / Brand Asset,Control4,keep_auto,davg-control4-025-400w.webp,davg-control4-025-800w.webp,davg-control4-025-1600w.webp
Windows_NY Loft_DinRm_Shade Bracket.png,/1 - Astro DAVG.ai/3 - Website Images/Windows_NY Loft_DinRm_Shade Bracket.png,davg-equipment-room-011,Equipment Room,,keep_auto,davg-equipment-room-011-400w.webp,davg-equipment-room-011-800w.webp,davg-equipment-room-011-1600w.webp
WB-820-12-Angle.jpg,/1 - Astro DAVG.ai/3 - Website Images/WB-820-12-Angle.jpg,davg-wattbox-006,Product / Brand Asset,WattBox,keep_auto,davg-wattbox-006-400w.webp,davg-wattbox-006-800w.webp,davg-wattbox-006-1600w.webp
C4-HALO-TS-BL_1_Front_Z.jpg,/1 - Astro DAVG.ai/3 - Website Images/C4-HALO-TS-BL_1_Front_Z.jpg,davg-control4-026,Product / Brand Asset,Control4,keep_auto,davg-control4-026-400w.webp,davg-control4-026-800w.webp,davg-control4-026-1600w.webp
AN-530-AP-Residential.jpg,/1 - Astro DAVG.ai/3 - Website Images/AN-530-AP-Residential.jpg,davg-uncategorized-509,Uncategorized,,needs_visual_review,davg-uncategorized-509-400w.webp,davg-uncategorized-509-800w.webp,davg-uncategorized-509-1600w.webp
IMG_3092.jpeg,/1 - Astro DAVG.ai/3 - Website Images/IMG_3092.jpeg,davg-uncategorized-511,Uncategorized,,needs_visual_review,davg-uncategorized-511-400w.webp,davg-uncategorized-511-800w.webp,davg-uncategorized-511-1600w.webp
IMG_1024.HEIC,/1 - Astro DAVG.ai/3 - Website Images/IMG_1024.HEIC,davg-uncategorized-512,Uncategorized,,needs_visual_review,davg-uncategorized-512-400w.webp,davg-uncategorized-512-800w.webp,davg-uncategorized-512-1600w.webp
"Photo May 17 2026, 1 07 32 AM.jpg","/1 - Astro DAVG.ai/3 - Website Images/Photo May 17 2026, 1 07 32 AM.jpg",davg-uncategorized-437,Uncategorized,,needs_visual_review,davg-uncategorized-437-400w.webp,davg-uncategorized-437-800w.webp,davg-uncategorized-437-1600w.webp
Radiance_SLC-30.jpg,/1 - Astro DAVG.ai/3 - Website Images/Radiance_SLC-30.jpg,davg-uncategorized-438,Uncategorized,,needs_visual_review,davg-uncategorized-438-400w.webp,davg-uncategorized-438-800w.webp,davg-uncategorized-438-1600w.webp
Radiance_SLC-18.jpg,/1 - Astro DAVG.ai/3 - Website Images/Radiance_SLC-18.jpg,davg-uncategorized-439,Uncategorized,,needs_visual_review,davg-uncategorized-439-400w.webp,davg-uncategorized-439-800w.webp,davg-uncategorized-439-1600w.webp
"Photo Mar 17 2026, 3 47 35 PM.jpg","/1 - Astro DAVG.ai/3 - Website Images/Photo Mar 17 2026, 3 47 35 PM.jpg",davg-uncategorized-443,Uncategorized,,needs_visual_review,davg-uncategorized-443-400w.webp,davg-uncategorized-443-800w.webp,davg-uncategorized-443-1600w.webp
SB-Game-Night-1.jpg,/1 - Astro DAVG.ai/3 - Website Images/SB-Game-Night-1.jpg,davg-uncategorized-462,Uncategorized,,needs_visual_review,davg-uncategorized-462-400w.webp,davg-uncategorized-462-800w.webp,davg-uncategorized-462-1600w.webp
IMG_2035.JPG,/1 - Astro DAVG.ai/3 - Website Images/IMG_2035.JPG,davg-uncategorized-463,Uncategorized,,needs_visual_review,davg-uncategorized-463-400w.webp,davg-uncategorized-463-800w.webp,davg-uncategorized-463-1600w.webp
Samsung-TVs-and-Display-Art-Store-Moomins-Global-Collaboration_Main-1.jpg,/1 - Astro DAVG.ai/3 - Website Images/Samsung-TVs-and-Display-Art-Store-Moomins-Global-Collaboration_Main-1.jpg,davg-uncategorized-464,Uncategorized,,needs_visual_review,davg-uncategorized-464-400w.webp,davg-uncategorized-464-800w.webp,davg-uncategorized-464-1600w.webp
"Photo May 31 2026, 5 28 56 AM (17).jpg","/1 - Astro DAVG.ai/3 - Website Images/Photo May 31 2026, 5 28 56 AM (17).jpg",davg-uncategorized-465,Uncategorized,,needs_visual_review,davg-uncategorized-465-400w.webp,davg-uncategorized-465-800w.webp,davg-uncategorized-465-1600w.webp
"Photo Feb 17 2026, 10 23 44 AM.jpg","/1 - Astro DAVG.ai/3 - Website Images/Photo Feb 17 2026, 10 23 44 AM.jpg",davg-uncategorized-466,Uncategorized,,needs_visual_review,davg-uncategorized-466-400w.webp,davg-uncategorized-466-800w.webp,davg-uncategorized-466-1600w.webp
ketra blue.jpg,/1 - Astro DAVG.ai/3 - Website Images/ketra blue.jpg,davg-lutron-ketra-002,Product / Brand Asset,Lutron Ketra,keep_auto,davg-lutron-ketra-002-400w.webp,davg-lutron-ketra-002-800w.webp,davg-lutron-ketra-002-1600w.webp
ketra pink.jpg,/1 - Astro DAVG.ai/3 - Website Images/ketra pink.jpg,davg-lutron-ketra-003,Product / Brand Asset,Lutron Ketra,keep_auto,davg-lutron-ketra-003-400w.webp,davg-lutron-ketra-003-800w.webp,davg-lutron-ketra-003-1600w.webp
IMG_2030.JPG,/1 - Astro DAVG.ai/3 - Website Images/IMG_2030.JPG,davg-uncategorized-470,Uncategorized,,needs_visual_review,davg-uncategorized-470-400w.webp,davg-uncategorized-470-800w.webp,davg-uncategorized-470-1600w.webp
"Photo Jun 07 2026, 9 59 15 PM (13).jpg","/1 - Astro DAVG.ai/3 - Website Images/Photo Jun 07 2026, 9 59 15 PM (13).jpg",davg-uncategorized-471,Uncategorized,,needs_visual_review,davg-uncategorized-471-400w.webp,davg-uncategorized-471-800w.webp,davg-uncategorized-471-1600w.webp
"Photo May 31 2026, 8 51 03 AM (21).jpg","/1 - Astro DAVG.ai/3 - Website Images/Photo May 31 2026, 8 51 03 AM (21).jpg",davg-uncategorized-472,Uncategorized,,needs_visual_review,davg-uncategorized-472-400w.webp,davg-uncategorized-472-800w.webp,davg-uncategorized-472-1600w.webp
Control 4 touchscreen.jpg,/1 - Astro DAVG.ai/3 - Website Images/Control 4 touchscreen.jpg,davg-control4-020,Product / Brand Asset,Control4,keep_auto,davg-control4-020-400w.webp,davg-control4-020-800w.webp,davg-control4-020-1600w.webp
ES-LS-2.jpg,/1 - Astro DAVG.ai/3 - Website Images/ES-LS-2.jpg,davg-uncategorized-473,Uncategorized,,needs_visual_review,davg-uncategorized-473-400w.webp,davg-uncategorized-473-800w.webp,davg-uncategorized-473-1600w.webp
SunBriteTV over outdoor fireplace modern.jpg,/1 - Astro DAVG.ai/3 - Website Images/SunBriteTV over outdoor fireplace modern.jpg,davg-outdoor-living-010,Outdoor Living,,keep_auto,davg-outdoor-living-010-400w.webp,davg-outdoor-living-010-800w.webp,davg-outdoor-living-010-1600w.webp
ES-LS-3.jpg,/1 - Astro DAVG.ai/3 - Website Images/ES-LS-3.jpg,davg-uncategorized-475,Uncategorized,,needs_visual_review,davg-uncategorized-475-400w.webp,davg-uncategorized-475-800w.webp,davg-uncategorized-475-1600w.webp
"Photo May 17 2026, 1 09 31 AM.png","/1 - Astro DAVG.ai/3 - Website Images/Photo May 17 2026, 1 09 31 AM.png",davg-uncategorized-476,Uncategorized,,needs_visual_review,davg-uncategorized-476-400w.webp,davg-uncategorized-476-800w.webp,davg-uncategorized-476-1600w.webp
RRD-W7B-WH.jpg,/1 - Astro DAVG.ai/3 - Website Images/RRD-W7B-WH.jpg,davg-uncategorized-477,Uncategorized,,needs_visual_review,davg-uncategorized-477-400w.webp,davg-uncategorized-477-800w.webp,davg-uncategorized-477-1600w.webp
"Photo Mar 10 2026, 11 09 07 AM.jpg","/1 - Astro DAVG.ai/3 - Website Images/Photo Mar 10 2026, 11 09 07 AM.jpg",davg-uncategorized-481,Uncategorized,,needs_visual_review,davg-uncategorized-481-400w.webp,davg-uncategorized-481-800w.webp,davg-uncategorized-481-1600w.webp
"Photo Jun 07 2026, 9 59 15 PM (6).jpg","/1 - Astro DAVG.ai/3 - Website Images/Photo Jun 07 2026, 9 59 15 PM (6).jpg",davg-uncategorized-482,Uncategorized,,needs_visual_review,davg-uncategorized-482-400w.webp,davg-uncategorized-482-800w.webp,davg-uncategorized-482-1600w.webp
55 Signature white no speaker Island villa 2.jpg,/1 - Astro DAVG.ai/3 - Website Images/55 Signature white no speaker Island villa 2.jpg,davg-uncategorized-483,Uncategorized,,needs_visual_review,davg-uncategorized-483-400w.webp,davg-uncategorized-483-800w.webp,davg-uncategorized-483-1600w.webp
Episode Landscape Rock Speaker 2.jpg,/1 - Astro DAVG.ai/3 - Website Images/Episode Landscape Rock Speaker 2.jpg,davg-episode-003,Outdoor Living,Episode,keep_auto,davg-episode-003-400w.webp,davg-episode-003-800w.webp,davg-episode-003-1600w.webp
"Photo May 17 2026, 12 58 02 AM.jpg","/1 - Astro DAVG.ai/3 - Website Images/Photo May 17 2026, 12 58 02 AM.jpg",davg-uncategorized-486,Uncategorized,,needs_visual_review,davg-uncategorized-486-400w.webp,davg-uncategorized-486-800w.webp,davg-uncategorized-486-1600w.webp
"Photo Mar 20 2026, 8 21 02 AM (31).png","/1 - Astro DAVG.ai/3 - Website Images/Photo Mar 20 2026, 8 21 02 AM (31).png",davg-uncategorized-488,Uncategorized,,needs_visual_review,davg-uncategorized-488-400w.webp,davg-uncategorized-488-800w.webp,davg-uncategorized-488-1600w.webp
Episode Landscape Satellite Speaker 6.jpg,/1 - Astro DAVG.ai/3 - Website Images/Episode Landscape Satellite Speaker 6.jpg,davg-episode-004,Outdoor Living,Episode,keep_auto,davg-episode-004-400w.webp,davg-episode-004-800w.webp,davg-episode-004-1600w.webp
"Photo Feb 17 2026, 10 22 17 AM.jpg","/1 - Astro DAVG.ai/3 - Website Images/Photo Feb 17 2026, 10 22 17 AM.jpg",davg-uncategorized-490,Uncategorized,,needs_visual_review,davg-uncategorized-490-400w.webp,davg-uncategorized-490-800w.webp,davg-uncategorized-490-1600w.webp
Alisse_1c3b_SN_Active_Welcome_x2.jpg,/1 - Astro DAVG.ai/3 - Website Images/Alisse_1c3b_SN_Active_Welcome_x2.jpg,davg-uncategorized-492,Uncategorized,,needs_visual_review,davg-uncategorized-492-400w.webp,davg-uncategorized-492-800w.webp,davg-uncategorized-492-1600w.webp
SB-ES-AN-8.jpg,/1 - Astro DAVG.ai/3 - Website Images/SB-ES-AN-8.jpg,davg-uncategorized-496,Uncategorized,,needs_visual_review,davg-uncategorized-496-400w.webp,davg-uncategorized-496-800w.webp,davg-uncategorized-496-1600w.webp
IMG_2032.JPG,/1 - Astro DAVG.ai/3 - Website Images/IMG_2032.JPG,davg-uncategorized-497,Uncategorized,,needs_visual_review,davg-uncategorized-497-400w.webp,davg-uncategorized-497-800w.webp,davg-uncategorized-497-1600w.webp
"Photo May 17 2026, 1 00 04 AM.jpg","/1 - Astro DAVG.ai/3 - Website Images/Photo May 17 2026, 1 00 04 AM.jpg",davg-uncategorized-498,Uncategorized,,needs_visual_review,davg-uncategorized-498-400w.webp,davg-uncategorized-498-800w.webp,davg-uncategorized-498-1600w.webp
"Photo May 31 2026, 5 28 56 AM (21).jpg","/1 - Astro DAVG.ai/3 - Website Images/Photo May 31 2026, 5 28 56 AM (21).jpg",davg-uncategorized-499,Uncategorized,,needs_visual_review,davg-uncategorized-499-400w.webp,davg-uncategorized-499-800w.webp,davg-uncategorized-499-1600w.webp
Generated image 1.png,/1 - Astro DAVG.ai/3 - Website Images/Generated image 1.png,davg-uncategorized-500,Uncategorized,,needs_visual_review,davg-uncategorized-500-400w.webp,davg-uncategorized-500-800w.webp,davg-uncategorized-500-1600w.webp
"Photo Mar 09 2026, 7 16 35 PM.jpg","/1 - Astro DAVG.ai/3 - Website Images/Photo Mar 09 2026, 7 16 35 PM.jpg",davg-uncategorized-502,Uncategorized,,needs_visual_review,davg-uncategorized-502-400w.webp,davg-uncategorized-502-800w.webp,davg-uncategorized-502-1600w.webp
OTOAllWeatherSoundbarShoot-100.jpg,/1 - Astro DAVG.ai/3 - Website Images/OTOAllWeatherSoundbarShoot-100.jpg,davg-uncategorized-506,Uncategorized,,needs_visual_review,davg-uncategorized-506-400w.webp,davg-uncategorized-506-800w.webp,davg-uncategorized-506-1600w.webp
application_hero_image_rf-bou0-st_1.jpg,/1 - Astro DAVG.ai/3 - Website Images/application_hero_image_rf-bou0-st_1.jpg,davg-uncategorized-507,Uncategorized,,needs_visual_review,davg-uncategorized-507-400w.webp,davg-uncategorized-507-800w.webp,davg-uncategorized-507-1600w.webp
55 Signature series black and white above fire place 1-2-15.jpg,/1 - Astro DAVG.ai/3 - Website Images/55 Signature series black and white above fire place 1-2-15.jpg,davg-uncategorized-508,Uncategorized,,needs_visual_review,davg-uncategorized-508-400w.webp,davg-uncategorized-508-800w.webp,davg-uncategorized-508-1600w.webp
"Photo May 31 2026, 8 51 03 AM (16).jpg","/1 - Astro DAVG.ai/3 - Website Images/Photo May 31 2026, 8 51 03 AM (16).jpg",davg-uncategorized-510,Uncategorized,,needs_visual_review,davg-uncategorized-510-400w.webp,davg-uncategorized-510-800w.webp,davg-uncategorized-510-1600w.webp
Theater.jpg,/1 - Astro DAVG.ai/3 - Website Images/Theater.jpg,davg-home-theater-005,Home Theater,,keep_auto,davg-home-theater-005-400w.webp,davg-home-theater-005-800w.webp,davg-home-theater-005-1600w.webp
"Photo May 31 2026, 5 28 57 AM (8) (1).jpg","/1 - Astro DAVG.ai/3 - Website Images/Photo May 31 2026, 5 28 57 AM (8) (1).jpg",davg-uncategorized-520,Uncategorized,,needs_visual_review,davg-uncategorized-520-400w.webp,davg-uncategorized-520-800w.webp,davg-uncategorized-520-1600w.webp
"Photo May 31 2026, 5 31 34 AM (2).jpeg","/1 - Astro DAVG.ai/3 - Website Images/Photo May 31 2026, 5 31 34 AM (2).jpeg",davg-uncategorized-514,Uncategorized,,needs_visual_review,davg-uncategorized-514-400w.webp,davg-uncategorized-514-800w.webp,davg-uncategorized-514-1600w.webp
LS0 Lightbar Slim_TruBeam.jpg,/1 - Astro DAVG.ai/3 - Website Images/LS0 Lightbar Slim_TruBeam.jpg,davg-uncategorized-519,Uncategorized,,needs_visual_review,davg-uncategorized-519-400w.webp,davg-uncategorized-519-800w.webp,davg-uncategorized-519-1600w.webp
"Photo May 31 2026, 8 51 03 AM (25).jpeg","/1 - Astro DAVG.ai/3 - Website Images/Photo May 31 2026, 8 51 03 AM (25).jpeg",davg-uncategorized-526,Uncategorized,,needs_visual_review,davg-uncategorized-526-400w.webp,davg-uncategorized-526-800w.webp,davg-uncategorized-526-1600w.webp
Generated image 1 (1).png,/1 - Astro DAVG.ai/3 - Website Images/Generated image 1 (1).png,davg-uncategorized-513,Uncategorized,,needs_visual_review,davg-uncategorized-513-400w.webp,davg-uncategorized-513-800w.webp,davg-uncategorized-513-1600w.webp
Pool_Prv Res_Orlando F_Dusk.jpg,/1 - Astro DAVG.ai/3 - Website Images/Pool_Prv Res_Orlando F_Dusk.jpg,davg-uncategorized-517,Uncategorized,,needs_visual_review,davg-uncategorized-517-400w.webp,davg-uncategorized-517-800w.webp,davg-uncategorized-517-1600w.webp
ketra red.jpg,/1 - Astro DAVG.ai/3 - Website Images/ketra red.jpg,davg-lutron-ketra-004,Product / Brand Asset,Lutron Ketra,keep_auto,davg-lutron-ketra-004-400w.webp,davg-lutron-ketra-004-800w.webp,davg-lutron-ketra-004-1600w.webp
DF-TB-XX-UAW-1Z (1).jpg,/1 - Astro DAVG.ai/3 - Website Images/DF-TB-XX-UAW-1Z (1).jpg,davg-uncategorized-527,Uncategorized,,needs_visual_review,davg-uncategorized-527-400w.webp,davg-uncategorized-527-800w.webp,davg-uncategorized-527-1600w.webp
"Photo May 31 2026, 8 51 03 AM (5) (1).jpg","/1 - Astro DAVG.ai/3 - Website Images/Photo May 31 2026, 8 51 03 AM (5) (1).jpg",davg-uncategorized-524,Uncategorized,,needs_visual_review,davg-uncategorized-524-400w.webp,davg-uncategorized-524-800w.webp,davg-uncategorized-524-1600w.webp
"Photo May 17 2026, 1 04 50 AM.jpg","/1 - Astro DAVG.ai/3 - Website Images/Photo May 17 2026, 1 04 50 AM.jpg",davg-uncategorized-528,Uncategorized,,needs_visual_review,davg-uncategorized-528-400w.webp,davg-uncategorized-528-800w.webp,davg-uncategorized-528-1600w.webp
"Photo May 17 2026, 1 03 37 AM.jpg","/1 - Astro DAVG.ai/3 - Website Images/Photo May 17 2026, 1 03 37 AM.jpg",davg-uncategorized-529,Uncategorized,,needs_visual_review,davg-uncategorized-529-400w.webp,davg-uncategorized-529-800w.webp,davg-uncategorized-529-1600w.webp
application_hero_image_cr-ms_1.jpg,/1 - Astro DAVG.ai/3 - Website Images/application_hero_image_cr-ms_1.jpg,davg-uncategorized-521,Uncategorized,,needs_visual_review,davg-uncategorized-521-400w.webp,davg-uncategorized-521-800w.webp,davg-uncategorized-521-1600w.webp
Bath_Atelier_Triathlon_Boucle_StoneSH_det1 fascia.png,/1 - Astro DAVG.ai/3 - Website Images/Bath_Atelier_Triathlon_Boucle_StoneSH_det1 fascia.png,davg-bathroom-004,Bathroom,,keep_auto,davg-bathroom-004-400w.webp,davg-bathroom-004-800w.webp,davg-bathroom-004-1600w.webp
application_hero_image_rf-poc-pe_1.jpg,/1 - Astro DAVG.ai/3 - Website Images/application_hero_image_rf-poc-pe_1.jpg,davg-uncategorized-518,Uncategorized,,needs_visual_review,davg-uncategorized-518-400w.webp,davg-uncategorized-518-800w.webp,davg-uncategorized-518-1600w.webp
Bath_Atelier_Palladiom_Matrice_SharkBO rev_pre.png,/1 - Astro DAVG.ai/3 - Website Images/Bath_Atelier_Palladiom_Matrice_SharkBO rev_pre.png,davg-bathroom-005,Bathroom,,keep_auto,davg-bathroom-005-400w.webp,davg-bathroom-005-800w.webp,davg-bathroom-005-1600w.webp
IMG_1788.HEIC,/1 - Astro DAVG.ai/3 - Website Images/IMG_1788.HEIC,davg-uncategorized-530,Uncategorized,,needs_visual_review,davg-uncategorized-530-400w.webp,davg-uncategorized-530-800w.webp,davg-uncategorized-530-1600w.webp
IMG_9750.HEIC,/1 - Astro DAVG.ai/3 - Website Images/IMG_9750.HEIC,davg-uncategorized-525,Uncategorized,,needs_visual_review,davg-uncategorized-525-400w.webp,davg-uncategorized-525-800w.webp,davg-uncategorized-525-1600w.webp
Denver-Penthouse_Case-Study-1.jpg,/1 - Astro DAVG.ai/3 - Website Images/Denver-Penthouse_Case-Study-1.jpg,davg-uncategorized-523,Uncategorized,,needs_visual_review,davg-uncategorized-523-400w.webp,davg-uncategorized-523-800w.webp,davg-uncategorized-523-1600w.webp
ES-ESS-1.jpg,/1 - Astro DAVG.ai/3 - Website Images/ES-ESS-1.jpg,davg-uncategorized-522,Uncategorized,,needs_visual_review,davg-uncategorized-522-400w.webp,davg-uncategorized-522-800w.webp,davg-uncategorized-522-1600w.webp
Episode-Terrain-HR-58.jpg,/1 - Astro DAVG.ai/3 - Website Images/Episode-Terrain-HR-58.jpg,davg-episode-005,Product / Brand Asset,Episode,keep_auto,davg-episode-005-400w.webp,davg-episode-005-800w.webp,davg-episode-005-1600w.webp
"Photo Feb 16 2026, 10 14 54 AM.jpg","/1 - Astro DAVG.ai/3 - Website Images/Photo Feb 16 2026, 10 14 54 AM.jpg",davg-uncategorized-515,Uncategorized,,needs_visual_review,davg-uncategorized-515-400w.webp,davg-uncategorized-515-800w.webp,davg-uncategorized-515-1600w.webp
C4-VBTX20.jpg,/1 - Astro DAVG.ai/3 - Website Images/C4-VBTX20.jpg,davg-control4-027,Product / Brand Asset,Control4,keep_auto,davg-control4-027-400w.webp,davg-control4-027-800w.webp,davg-control4-027-1600w.webp
TD_Core5_Rack.jpg,/1 - Astro DAVG.ai/3 - Website Images/TD_Core5_Rack.jpg,davg-equipment-room-012,Equipment Room,,keep_auto,davg-equipment-room-012-400w.webp,davg-equipment-room-012-800w.webp,davg-equipment-room-012-1600w.webp
"Photo May 31 2026, 8 51 03 AM (20).jpg","/1 - Astro DAVG.ai/3 - Website Images/Photo May 31 2026, 8 51 03 AM (20).jpg",davg-uncategorized-547,Uncategorized,,needs_visual_review,davg-uncategorized-547-400w.webp,davg-uncategorized-547-800w.webp,davg-uncategorized-547-1600w.webp
"Photo May 31 2026, 8 51 03 AM (14) (1).jpg","/1 - Astro DAVG.ai/3 - Website Images/Photo May 31 2026, 8 51 03 AM (14) (1).jpg",davg-uncategorized-542,Uncategorized,,needs_visual_review,davg-uncategorized-542-400w.webp,davg-uncategorized-542-800w.webp,davg-uncategorized-542-1600w.webp
"Photo May 31 2026, 8 51 03 AM (6) (1).jpeg","/1 - Astro DAVG.ai/3 - Website Images/Photo May 31 2026, 8 51 03 AM (6) (1).jpeg",davg-uncategorized-537,Uncategorized,,needs_visual_review,davg-uncategorized-537-400w.webp,davg-uncategorized-537-800w.webp,davg-uncategorized-537-1600w.webp
3-VI-L-MICRO-Small.jpg,/1 - Astro DAVG.ai/3 - Website Images/3-VI-L-MICRO-Small.jpg,davg-uncategorized-538,Uncategorized,,needs_visual_review,davg-uncategorized-538-400w.webp,davg-uncategorized-538-800w.webp,davg-uncategorized-538-1600w.webp
IMG_2034.JPG,/1 - Astro DAVG.ai/3 - Website Images/IMG_2034.JPG,davg-uncategorized-548,Uncategorized,,needs_visual_review,davg-uncategorized-548-400w.webp,davg-uncategorized-548-800w.webp,davg-uncategorized-548-1600w.webp
"Photo May 31 2026, 5 31 33 AM.jpg","/1 - Astro DAVG.ai/3 - Website Images/Photo May 31 2026, 5 31 33 AM.jpg",davg-uncategorized-534,Uncategorized,,needs_visual_review,davg-uncategorized-534-400w.webp,davg-uncategorized-534-800w.webp,davg-uncategorized-534-1600w.webp
C4-HALO-BL_6_DemiRightDock_Z.jpg,/1 - Astro DAVG.ai/3 - Website Images/C4-HALO-BL_6_DemiRightDock_Z.jpg,davg-control4-029,Product / Brand Asset,Control4,keep_auto,davg-control4-029-400w.webp,davg-control4-029-800w.webp,davg-control4-029-1600w.webp
Control4 - Lighting - Email_Banner.jpg,/1 - Astro DAVG.ai/3 - Website Images/Control4 - Lighting - Email_Banner.jpg,davg-control4-028,Product / Brand Asset,Control4,keep_auto,davg-control4-028-400w.webp,davg-control4-028-800w.webp,davg-control4-028-1600w.webp
DFRM-TAB-HC-Z1.jpg,/1 - Astro DAVG.ai/3 - Website Images/DFRM-TAB-HC-Z1.jpg,davg-uncategorized-545,Uncategorized,,needs_visual_review,davg-uncategorized-545-400w.webp,davg-uncategorized-545-800w.webp,davg-uncategorized-545-1600w.webp
"Photo Jun 07 2026, 9 59 15 PM (12).jpg","/1 - Astro DAVG.ai/3 - Website Images/Photo Jun 07 2026, 9 59 15 PM (12).jpg",davg-uncategorized-546,Uncategorized,,needs_visual_review,davg-uncategorized-546-400w.webp,davg-uncategorized-546-800w.webp,davg-uncategorized-546-1600w.webp
"Photo May 31 2026, 5 28 57 AM (7).jpg","/1 - Astro DAVG.ai/3 - Website Images/Photo May 31 2026, 5 28 57 AM (7).jpg",davg-uncategorized-533,Uncategorized,,needs_visual_review,davg-uncategorized-533-400w.webp,davg-uncategorized-533-800w.webp,davg-uncategorized-533-1600w.webp
BedRm_Atelier_Sivoia QS_Boucle_StoneBO_pre.jpg,/1 - Astro DAVG.ai/3 - Website Images/BedRm_Atelier_Sivoia QS_Boucle_StoneBO_pre.jpg,davg-bedroom-018,Bedroom,,keep_auto,davg-bedroom-018-400w.webp,davg-bedroom-018-800w.webp,davg-bedroom-018-1600w.webp
DinRm_Atelier_Palladiom_Matrice_DawnSH_det1 roller ang.png,/1 - Astro DAVG.ai/3 - Website Images/DinRm_Atelier_Palladiom_Matrice_DawnSH_det1 roller ang.png,davg-uncategorized-536,Uncategorized,,needs_visual_review,davg-uncategorized-536-400w.webp,davg-uncategorized-536-800w.webp,davg-uncategorized-536-1600w.webp
"Photo May 31 2026, 5 31 33 AM.png","/1 - Astro DAVG.ai/3 - Website Images/Photo May 31 2026, 5 31 33 AM.png",davg-uncategorized-532,Uncategorized,,needs_visual_review,davg-uncategorized-532-400w.webp,davg-uncategorized-532-800w.webp,davg-uncategorized-532-1600w.webp
"Photo May 17 2026, 12 57 29 AM.jpg","/1 - Astro DAVG.ai/3 - Website Images/Photo May 17 2026, 12 57 29 AM.jpg",davg-uncategorized-541,Uncategorized,,needs_visual_review,davg-uncategorized-541-400w.webp,davg-uncategorized-541-800w.webp,davg-uncategorized-541-1600w.webp
"Photo Jun 07 2026, 9 59 15 PM (7).jpg","/1 - Astro DAVG.ai/3 - Website Images/Photo Jun 07 2026, 9 59 15 PM (7).jpg",davg-uncategorized-543,Uncategorized,,needs_visual_review,davg-uncategorized-543-400w.webp,davg-uncategorized-543-800w.webp,davg-uncategorized-543-1600w.webp
BedRm_Atelier_Sivoia QS_Boucle_StoneBO_pre.png,/1 - Astro DAVG.ai/3 - Website Images/BedRm_Atelier_Sivoia QS_Boucle_StoneBO_pre.png,davg-bedroom-020,Bedroom,,keep_auto,davg-bedroom-020-400w.webp,davg-bedroom-020-800w.webp,davg-bedroom-020-1600w.webp
BedRm_Atelier_Triathlon_Hachure_PewterBO_det3 bedside end table with Pico remotes.png,/1 - Astro DAVG.ai/3 - Website Images/BedRm_Atelier_Triathlon_Hachure_PewterBO_det3 bedside end table with Pico remotes.png,davg-bedroom-019,Bedroom,,keep_auto,davg-bedroom-019-400w.webp,davg-bedroom-019-800w.webp,davg-bedroom-019-1600w.webp
Episode Rock in Rain.jpg,/1 - Astro DAVG.ai/3 - Website Images/Episode Rock in Rain.jpg,davg-episode-006,Outdoor Living,Episode,keep_auto,davg-episode-006-400w.webp,davg-episode-006-800w.webp,davg-episode-006-1600w.webp
IMG_8570.HEIC,/1 - Astro DAVG.ai/3 - Website Images/IMG_8570.HEIC,davg-uncategorized-539,Uncategorized,,needs_visual_review,davg-uncategorized-539-400w.webp,davg-uncategorized-539-800w.webp,davg-uncategorized-539-1600w.webp
IMG_3134.jpeg,/1 - Astro DAVG.ai/3 - Website Images/IMG_3134.jpeg,davg-uncategorized-535,Uncategorized,,needs_visual_review,davg-uncategorized-535-400w.webp,davg-uncategorized-535-800w.webp,davg-uncategorized-535-1600w.webp
IMG_0101.HEIC,/1 - Astro DAVG.ai/3 - Website Images/IMG_0101.HEIC,davg-uncategorized-531,Uncategorized,,needs_visual_review,davg-uncategorized-531-400w.webp,davg-uncategorized-531-800w.webp,davg-uncategorized-531-1600w.webp
"Photo Mar 10 2026, 11 12 32 AM.jpg","/1 - Astro DAVG.ai/3 - Website Images/Photo Mar 10 2026, 11 12 32 AM.jpg",davg-uncategorized-540,Uncategorized,,needs_visual_review,davg-uncategorized-540-400w.webp,davg-uncategorized-540-800w.webp,davg-uncategorized-540-1600w.webp
IMG_8462.HEIC,/1 - Astro DAVG.ai/3 - Website Images/IMG_8462.HEIC,davg-uncategorized-544,Uncategorized,,needs_visual_review,davg-uncategorized-544-400w.webp,davg-uncategorized-544-800w.webp,davg-uncategorized-544-1600w.webp
IMG_3102.jpeg,/1 - Astro DAVG.ai/3 - Website Images/IMG_3102.jpeg,davg-uncategorized-516,Uncategorized,,needs_visual_review,davg-uncategorized-516-400w.webp,davg-uncategorized-516-800w.webp,davg-uncategorized-516-1600w.webp
sony bravia.jpg,/1 - Astro DAVG.ai/3 - Website Images/sony bravia.jpg,davg-uncategorized-553,Uncategorized,,needs_visual_review,davg-uncategorized-553-400w.webp,davg-uncategorized-553-800w.webp,davg-uncategorized-553-1600w.webp
RR-T10RL-SW.jpg,/1 - Astro DAVG.ai/3 - Website Images/RR-T10RL-SW.jpg,davg-uncategorized-550,Uncategorized,,needs_visual_review,davg-uncategorized-550-400w.webp,davg-uncategorized-550-800w.webp,davg-uncategorized-550-1600w.webp
"Photo May 17 2026, 1 02 19 AM.jpg","/1 - Astro DAVG.ai/3 - Website Images/Photo May 17 2026, 1 02 19 AM.jpg",davg-uncategorized-552,Uncategorized,,needs_visual_review,davg-uncategorized-552-400w.webp,davg-uncategorized-552-800w.webp,davg-uncategorized-552-1600w.webp
"Photo May 31 2026, 5 28 56 AM (16).jpg","/1 - Astro DAVG.ai/3 - Website Images/Photo May 31 2026, 5 28 56 AM (16).jpg",davg-uncategorized-551,Uncategorized,,needs_visual_review,davg-uncategorized-551-400w.webp,davg-uncategorized-551-800w.webp,davg-uncategorized-551-1600w.webp
BedRm_Atelier_Triathlon_Matrice ChinchillaBO_closed ang.png,/1 - Astro DAVG.ai/3 - Website Images/BedRm_Atelier_Triathlon_Matrice ChinchillaBO_closed ang.png,davg-bedroom-021,Bedroom,,keep_auto,davg-bedroom-021-400w.webp,davg-bedroom-021-800w.webp,davg-bedroom-021-1600w.webp
LivRm_Prv Res_Orlando CH_Angle_with Shade.jpg,/1 - Astro DAVG.ai/3 - Website Images/LivRm_Prv Res_Orlando CH_Angle_with Shade.jpg,davg-living-room-010,Living Room,,keep_auto,davg-living-room-010-400w.webp,davg-living-room-010-800w.webp,davg-living-room-010-1600w.webp
Ext EU_Super Yacht_Netherlands_Deck.png,/1 - Astro DAVG.ai/3 - Website Images/Ext EU_Super Yacht_Netherlands_Deck.png,davg-exterior-005,Exterior,,keep_auto,davg-exterior-005-400w.webp,davg-exterior-005-800w.webp,davg-exterior-005-1600w.webp
C4-VBTX23.jpg,/1 - Astro DAVG.ai/3 - Website Images/C4-VBTX23.jpg,davg-control4-030,Product / Brand Asset,Control4,keep_auto,davg-control4-030-400w.webp,davg-control4-030-800w.webp,davg-control4-030-1600w.webp
Loft_Resi Agnostic 19_PM_Angle_Roller_Preset_2.png,/1 - Astro DAVG.ai/3 - Website Images/Loft_Resi Agnostic 19_PM_Angle_Roller_Preset_2.png,davg-uncategorized-549,Uncategorized,,needs_visual_review,davg-uncategorized-549-400w.webp,davg-uncategorized-549-800w.webp,davg-uncategorized-549-1600w.webp
IMG_3231.jpeg,/1 - Astro DAVG.ai/3 - Website Images/IMG_3231.jpeg,davg-uncategorized-554,Uncategorized,,needs_visual_review,davg-uncategorized-554-400w.webp,davg-uncategorized-554-800w.webp,davg-uncategorized-554-1600w.webp


